-- phpMyAdmin SQL Dump
-- version 5.2.1
-- https://www.phpmyadmin.net/
--
-- Host: 127.0.0.1:3306
-- Generation Time: Apr 04, 2026 at 05:45 PM
-- Server version: 10.4.32-MariaDB
-- PHP Version: 8.2.12

SET SQL_MODE = "NO_AUTO_VALUE_ON_ZERO";
START TRANSACTION;
SET time_zone = "+00:00";


/*!40101 SET @OLD_CHARACTER_SET_CLIENT=@@CHARACTER_SET_CLIENT */;
/*!40101 SET @OLD_CHARACTER_SET_RESULTS=@@CHARACTER_SET_RESULTS */;
/*!40101 SET @OLD_COLLATION_CONNECTION=@@COLLATION_CONNECTION */;
/*!40101 SET NAMES utf8mb4 */;

--
-- Database: `ndcems`
--

-- --------------------------------------------------------

--
-- Table structure for table `candidates`
--

CREATE TABLE `candidates` (
  `id` int(10) UNSIGNED NOT NULL,
  `created_at` timestamp NULL DEFAULT NULL,
  `updated_at` timestamp NULL DEFAULT NULL,
  `first_name` varchar(191) DEFAULT NULL,
  `last_name` varchar(191) DEFAULT NULL,
  `photo` varchar(191) DEFAULT NULL,
  `dob` varchar(191) DEFAULT NULL,
  `election_id` varchar(191) DEFAULT NULL,
  `personal` varchar(191) DEFAULT NULL,
  `party_id` varchar(191) DEFAULT NULL,
  `region_id` varchar(191) DEFAULT NULL,
  `constituency_id` varchar(191) DEFAULT NULL,
  `polling_station_id` varchar(191) DEFAULT NULL,
  `is_disabled` varchar(191) NOT NULL DEFAULT '0',
  `id_no` varchar(191) DEFAULT NULL,
  `phone` varchar(191) DEFAULT NULL,
  `electoral_area_id` varchar(191) DEFAULT NULL,
  `election_start_up_id` varchar(191) DEFAULT NULL,
  `ordering_position` int(11) DEFAULT NULL
) ENGINE=MyISAM DEFAULT CHARSET=utf8mb4 COLLATE=utf8mb4_unicode_ci;

--
-- Dumping data for table `candidates`
--

INSERT INTO `candidates` (`id`, `created_at`, `updated_at`, `first_name`, `last_name`, `photo`, `dob`, `election_id`, `personal`, `party_id`, `region_id`, `constituency_id`, `polling_station_id`, `is_disabled`, `id_no`, `phone`, `electoral_area_id`, `election_start_up_id`, `ordering_position`) VALUES
(39, '2023-02-23 10:44:14', '2023-02-23 10:44:14', 'MAHMOUDU', 'BAWUMIA', '39.jpg', NULL, '1', NULL, '12', NULL, NULL, NULL, '0', NULL, NULL, NULL, '16', 1),
(38, '2023-02-23 10:43:33', '2023-02-23 10:43:33', 'JOHN DRAMANI', 'MAHAMA', '38.png', NULL, '1', NULL, '11', NULL, NULL, NULL, '0', NULL, NULL, NULL, '16', 2),
(37, '2023-02-22 22:47:31', '2023-02-22 22:47:31', 'EMMANUEL ADJEI', 'DOMSON', '37.jpg', NULL, '2', NULL, '12', '2', '2', NULL, '0', NULL, NULL, NULL, '15', 1),
(36, '2023-02-22 22:46:48', '2023-02-22 22:46:48', 'ALHAJI KOBINA', 'GHANSAH', '36.png', NULL, '2', NULL, '11', '2', '2', NULL, '0', NULL, NULL, NULL, '15', 2);

-- --------------------------------------------------------

--
-- Table structure for table `constituency`
--

CREATE TABLE `constituency` (
  `id` int(10) UNSIGNED NOT NULL,
  `name` varchar(191) DEFAULT NULL,
  `country_id` varchar(191) DEFAULT NULL,
  `region_id` varchar(191) DEFAULT NULL,
  `created_at` timestamp NULL DEFAULT NULL,
  `updated_at` timestamp NULL DEFAULT NULL,
  `total_candidates` varchar(191) DEFAULT NULL
) ENGINE=MyISAM DEFAULT CHARSET=utf8mb4 COLLATE=utf8mb4_unicode_ci;

--
-- Dumping data for table `constituency`
--

INSERT INTO `constituency` (`id`, `name`, `country_id`, `region_id`, `created_at`, `updated_at`, `total_candidates`) VALUES
(1, 'Ayawaso West Wuogon', '1', '1', '2018-12-26 22:46:47', '2018-12-26 22:46:47', NULL),
(2, 'Asikuma Odoben Brakwa', '1', '2', '2018-12-26 23:08:20', '2018-12-26 23:08:20', NULL),
(3, 'Awutu Senya West', '1', '2', '2018-12-31 18:38:52', '2018-12-31 18:38:52', NULL),
(4, 'Adansi - Asokwa', '1', '4', '2019-01-24 14:26:00', '2019-01-24 14:26:00', NULL),
(5, 'Fomena', '1', '4', '2019-01-24 14:26:24', '2019-01-24 14:26:24', NULL),
(6, 'New Edubiase', '1', '4', '2019-01-24 14:26:44', '2019-01-24 14:26:44', NULL),
(7, 'New Edubease', '1', '4', '2019-01-24 14:26:58', '2019-01-24 14:26:58', NULL),
(8, 'Kwabre West', '1', '4', '2019-01-24 14:27:12', '2019-01-24 14:27:12', NULL),
(9, 'Ahafo Ano South East', '1', '4', '2019-01-24 14:27:45', '2019-01-24 14:27:45', NULL),
(10, 'Ahafo Ano South West', '1', '4', '2019-01-24 14:27:59', '2019-01-24 14:27:59', NULL),
(11, 'Odotobori', '1', '4', '2019-01-24 14:28:16', '2019-01-24 14:28:16', NULL),
(12, 'Amansie West', '1', '4', '2019-01-24 14:28:50', '2019-01-24 14:28:50', NULL),
(13, 'Odotobri', '1', '4', '2019-01-24 14:29:13', '2019-01-24 14:29:13', NULL),
(14, 'Manso Nkwanta', '1', '4', '2019-01-24 14:29:44', '2019-01-24 14:29:44', NULL),
(15, 'Manso Adubia', '1', '4', '2019-01-24 14:30:15', '2019-01-24 14:30:15', NULL),
(16, 'Asante - Akim North', '1', '4', '2019-01-24 14:30:32', '2019-01-24 14:30:32', NULL),
(17, 'Asante - Akim Central', '1', '4', '2019-01-24 14:30:51', '2019-01-24 14:30:51', NULL),
(18, 'Asante - Akim South', '1', '4', '2019-01-24 14:32:08', '2019-01-24 14:32:08', NULL),
(19, 'Atwima - Mponua', '1', '4', '2019-01-24 14:32:24', '2019-01-24 14:32:24', NULL),
(20, 'Atwima - Nwabiagya', '1', '4', '2019-01-24 14:32:43', '2019-01-24 14:32:43', NULL),
(21, 'Atwima - Nwabiagya North', '1', '4', '2019-01-24 14:33:29', '2019-01-24 14:33:29', NULL),
(22, 'Atwima - Nwabiagya South', '1', '4', '2019-01-24 14:33:55', '2019-01-24 14:33:55', NULL),
(23, 'Bekwai', '1', '4', '2019-01-24 14:34:11', '2019-01-24 14:34:11', NULL),
(24, 'Bosome - Freho', '1', '4', '2019-01-24 14:34:40', '2019-01-24 14:34:40', NULL),
(25, 'Bosomtwi', '1', '4', '2019-01-24 14:34:55', '2019-01-24 14:34:55', NULL),
(26, 'Ejisu', '1', '4', '2019-01-24 14:35:26', '2019-01-24 14:35:26', NULL),
(27, 'Juaben', '1', '4', '2019-01-24 14:35:44', '2019-01-24 14:35:44', NULL),
(28, 'Ejura - Sekyedumase', '1', '4', '2019-01-24 14:36:14', '2019-01-24 14:36:14', NULL),
(29, 'Asokwa', '1', '4', '2019-01-24 14:36:28', '2019-01-24 14:36:28', NULL),
(30, 'Mampong', '1', '4', '2019-01-24 14:36:42', '2019-01-24 14:36:42', NULL),
(31, 'Bantama', '1', '4', '2019-01-24 14:37:38', '2019-01-24 14:37:38', NULL),
(32, 'Nhyiaeso', '1', '4', '2019-01-24 14:37:53', '2019-01-24 14:37:53', NULL),
(33, 'Oforikrom', '1', '4', '2019-01-24 14:38:13', '2019-01-24 14:38:13', NULL),
(34, 'Old Tafo', '1', '4', '2019-01-24 14:38:27', '2019-01-24 14:38:27', NULL),
(35, 'Suame', '1', '4', '2019-01-24 14:38:42', '2019-01-24 14:38:42', NULL),
(36, 'Subin', '1', '4', '2019-01-24 14:39:01', '2019-01-24 14:39:01', NULL),
(37, 'Manhyia North', '1', '4', '2019-01-24 14:39:35', '2019-01-24 14:39:35', NULL),
(38, 'Manhyia South', '1', '4', '2019-01-24 14:39:53', '2019-01-24 14:39:53', NULL),
(39, 'Kwadaso', '1', '4', '2019-01-24 14:40:08', '2019-01-24 14:40:08', NULL),
(40, 'Kwabre East', '1', '4', '2019-01-24 14:40:27', '2019-01-24 14:40:27', NULL),
(41, 'Akrofuom', '1', '4', '2019-01-24 14:40:46', '2019-01-24 14:40:46', NULL),
(42, 'Obuasi', '1', '4', '2019-01-24 14:41:01', '2019-01-24 14:41:01', NULL),
(43, 'Obuasi East', '1', '4', '2019-01-24 14:41:18', '2019-01-24 14:41:18', NULL),
(53, 'Asunafo North', '1', '8', '2019-01-24 14:53:21', '2019-01-24 14:53:21', NULL),
(45, 'Kumawu', '1', '4', '2019-01-24 14:42:05', '2019-01-24 14:42:05', NULL),
(46, 'Sekyere Afram Plains', '1', '4', '2019-01-24 14:42:39', '2019-01-24 14:42:39', NULL),
(47, 'Nsuta - Kwamang', '1', '4', '2019-01-24 14:42:59', '2019-01-24 14:42:59', NULL),
(177, 'Ho Central', '1', '10', '2019-01-24 18:14:55', '2019-01-24 18:14:55', NULL),
(49, 'Afigya Sekyere East', '1', '4', '2019-01-24 14:44:19', '2019-01-24 14:44:19', NULL),
(50, 'Effiduase - Asokore', '1', '4', '2019-01-24 14:44:36', '2019-01-24 14:44:36', NULL),
(51, 'Offinso South', '1', '4', '2019-01-24 14:46:46', '2019-01-24 14:46:46', NULL),
(52, 'Offinso North', '1', '4', '2019-01-24 14:46:58', '2019-01-24 14:46:58', NULL),
(54, 'Asunafo South', '1', '8', '2019-01-24 14:54:14', '2019-01-24 14:54:14', NULL),
(225, 'Asuogyaman', '1', '9', '2019-01-24 21:35:48', '2019-01-24 21:35:48', NULL),
(56, 'Banda', '1', '8', '2019-01-24 14:59:38', '2019-01-24 14:59:38', NULL),
(59, 'Berekum East', '1', '8', '2019-01-24 15:04:39', '2019-01-24 15:04:39', NULL),
(85, 'Jomoro', '1', '3', '2019-01-24 15:56:38', '2019-01-24 15:56:38', NULL),
(60, 'Berekum West', '1', '8', '2019-01-24 15:12:03', '2019-01-24 15:12:03', NULL),
(61, 'Dormaa East', '1', '8', '2019-01-24 15:12:18', '2019-01-24 15:12:18', NULL),
(62, 'Dormaa West', '1', '8', '2019-01-24 15:12:37', '2019-01-24 15:12:37', NULL),
(63, 'Dormaa Central', '1', '8', '2019-01-24 15:12:50', '2019-01-24 15:12:50', NULL),
(64, 'Jaman North', '1', '8', '2019-01-24 15:13:12', '2019-01-24 15:13:12', NULL),
(65, 'Jaman South', '1', '8', '2019-01-24 15:13:26', '2019-01-24 15:13:26', NULL),
(66, 'Kintampo North', '1', '8', '2019-01-24 15:13:52', '2019-01-24 15:13:52', NULL),
(67, 'Kintampo South', '1', '8', '2019-01-24 15:14:23', '2019-01-24 15:14:23', NULL),
(68, 'Nkoranza North', '1', '8', '2019-01-24 15:15:23', '2019-01-24 15:15:23', NULL),
(69, 'Nkoranza South', '1', '8', '2019-01-24 15:16:27', '2019-01-24 15:16:27', NULL),
(70, 'Pru East', '1', '8', '2019-01-24 15:17:18', '2019-01-24 15:17:18', NULL),
(71, 'Pru West', '1', '8', '2019-01-24 15:17:40', '2019-01-24 15:17:40', NULL),
(74, 'Sene West', '1', '8', '2019-01-24 15:20:02', '2019-01-24 15:20:02', NULL),
(73, 'Sene East', '1', '8', '2019-01-24 15:18:40', '2019-01-24 15:18:40', NULL),
(75, 'Sunyani East', '1', '8', '2019-01-24 15:20:17', '2019-01-24 15:20:17', NULL),
(76, 'Sunyani West', '1', '8', '2019-01-24 15:20:37', '2019-01-24 15:20:37', NULL),
(77, 'Tain', '1', '8', '2019-01-24 15:20:47', '2019-01-24 15:20:47', NULL),
(78, 'Tano North', '1', '8', '2019-01-24 15:22:10', '2019-01-24 15:22:10', NULL),
(79, 'Tano South', '1', '8', '2019-01-24 15:22:27', '2019-01-24 15:22:27', NULL),
(80, 'Techiman North', '1', '8', '2019-01-24 15:22:53', '2019-01-24 15:22:53', NULL),
(81, 'Techiman South', '1', '8', '2019-01-24 15:28:23', '2019-01-24 15:28:23', NULL),
(82, 'Wenchi', '1', '8', '2019-01-24 15:28:37', '2019-01-24 15:28:37', NULL),
(83, 'Asutifi South', '1', '8', '2019-01-24 15:28:54', '2019-01-24 15:28:54', NULL),
(84, 'Asutifi North', '1', '8', '2019-01-24 15:29:12', '2019-01-24 15:29:12', NULL),
(86, 'Elembele', '1', '3', '2019-01-24 15:56:51', '2019-01-24 15:56:51', NULL),
(87, 'Evalue - Ajomoro - Gwira', '1', '3', '2019-01-24 15:57:11', '2019-01-24 15:57:11', NULL),
(88, 'Ahanta West', '1', '3', '2019-01-24 15:57:32', '2019-01-24 15:57:32', NULL),
(89, 'Takoradi', '1', '3', '2019-01-24 15:57:57', '2019-01-24 15:57:57', NULL),
(90, 'Effia', '1', '3', '2019-01-24 15:58:09', '2019-01-24 15:58:09', NULL),
(91, 'Kwesimintsim', '1', '3', '2019-01-24 15:58:26', '2019-01-24 15:58:26', NULL),
(92, 'Sekondi', '1', '3', '2019-01-24 15:58:36', '2019-01-24 15:58:36', NULL),
(93, 'Essikadu-Ketan', '1', '3', '2019-01-24 15:58:47', '2019-01-24 15:58:47', NULL),
(94, 'Shama', '1', '3', '2019-01-24 15:59:08', '2019-01-24 15:59:08', NULL),
(95, 'Wassa East', '1', '3', '2019-01-24 15:59:21', '2019-01-24 15:59:21', NULL),
(96, 'Mpohor', '1', '3', '2019-01-24 15:59:33', '2019-01-24 15:59:33', NULL),
(97, 'Tarkwa Nsuaem', '1', '3', '2019-01-24 15:59:48', '2019-01-24 15:59:48', NULL),
(98, 'Prestea Huni-Valley', '1', '3', '2019-01-24 16:00:14', '2019-01-24 16:00:14', NULL),
(99, 'Amenfi East', '1', '3', '2019-01-24 16:01:37', '2019-01-24 16:01:37', NULL),
(100, 'Amenfi Central', '1', '3', '2019-01-24 16:01:56', '2019-01-24 16:01:56', NULL),
(101, 'Amenfi West', '1', '3', '2019-01-24 16:02:09', '2019-01-24 16:02:09', NULL),
(102, 'Aowin', '1', '3', '2019-01-24 16:02:31', '2019-01-24 16:02:31', NULL),
(103, 'Suaman', '1', '3', '2019-01-24 16:02:58', '2019-01-24 16:02:58', NULL),
(104, 'Bibiani - Anhwiaso - Bewai', '1', '3', '2019-01-24 16:03:29', '2019-01-24 16:03:29', NULL),
(105, 'Sefwi Wiawso', '1', '3', '2019-01-24 16:04:13', '2019-01-24 16:04:13', NULL),
(106, 'Sefwi Akontombra', '1', '3', '2019-01-24 16:04:30', '2019-01-24 16:04:30', NULL),
(107, 'Juaboso', '1', '3', '2019-01-24 16:04:46', '2019-01-24 16:04:46', NULL),
(108, 'Bodi', '1', '3', '2019-01-24 16:05:02', '2019-01-24 16:05:02', NULL),
(109, 'Bia West', '1', '3', '2019-01-24 16:05:21', '2019-01-24 16:05:21', NULL),
(110, 'Bia East', '1', '3', '2019-01-24 16:05:38', '2019-01-24 16:05:38', NULL),
(111, 'Komenda-Edina-Eguafo -Abirem (KEEA)', '1', '2', '2019-01-24 16:07:37', '2019-01-24 16:07:37', NULL),
(112, 'Cape Coast South', '1', '2', '2019-01-24 16:08:02', '2019-01-24 16:08:02', NULL),
(133, 'Bortianor-Ngleshie-Amanfro', '1', '1', '2019-01-24 16:30:31', '2019-01-24 16:30:31', NULL),
(114, 'Abura/Asebu/Kwamankese', '1', '2', '2019-01-24 16:15:11', '2019-01-24 16:15:11', NULL),
(115, 'Mfantseman', '1', '2', '2019-01-24 16:18:57', '2019-01-24 16:18:57', NULL),
(116, 'Ekumfi', '1', '2', '2019-01-24 16:19:09', '2019-01-24 16:19:09', NULL),
(117, 'Ajumako Enyan Esiam', '1', '2', '2019-01-24 16:19:28', '2019-01-24 16:19:28', NULL),
(118, 'Gomoa West', '1', '2', '2019-01-24 16:19:39', '2019-01-24 16:19:39', NULL),
(119, 'Gomoa Central', '1', '2', '2019-01-24 16:20:01', '2019-01-24 16:20:01', NULL),
(120, 'Gomoa East', '1', '2', '2019-01-24 16:20:27', '2019-01-24 16:20:27', NULL),
(121, 'Effutu', '1', '2', '2019-01-24 16:20:44', '2019-01-24 16:20:44', NULL),
(122, 'Awutu Senya East', '1', '2', '2019-01-24 16:21:03', '2019-01-24 16:21:03', NULL),
(123, 'Agona West', '1', '2', '2019-01-24 16:21:23', '2019-01-24 16:21:23', NULL),
(124, 'Agona East', '1', '2', '2019-01-24 16:21:35', '2019-01-24 16:21:35', NULL),
(125, 'Assin Central', '1', '2', '2019-01-24 16:21:51', '2019-01-24 16:21:51', NULL),
(126, 'Assin North', '1', '2', '2019-01-24 16:22:07', '2019-01-24 16:22:07', NULL),
(127, 'Assin South', '1', '2', '2019-01-24 16:22:19', '2019-01-24 16:22:19', NULL),
(128, 'Twifo Ati Morkwaa', '1', '2', '2019-01-24 16:22:38', '2019-01-24 16:22:38', NULL),
(129, 'Hemang Lower Denkyira', '1', '2', '2019-01-24 16:22:56', '2019-01-24 16:22:56', NULL),
(130, 'Upper Denkyira East', '1', '2', '2019-01-24 16:23:37', '2019-01-24 16:23:37', NULL),
(131, 'Upper Denkyira West', '1', '2', '2019-01-24 16:24:07', '2019-01-24 16:24:07', NULL),
(132, 'Cape Coast North', '1', '2', '2019-01-24 16:25:52', '2019-01-24 16:25:52', NULL),
(134, 'Weija / Gbawe', '1', '1', '2019-01-24 16:30:50', '2019-01-24 16:30:50', NULL),
(135, 'Domeabra / Obom', '1', '1', '2019-01-24 16:31:09', '2019-01-24 16:31:09', NULL),
(136, 'Anyaa / Sowutuom', '1', '1', '2019-01-24 16:31:24', '2019-01-24 16:31:24', NULL),
(137, 'Trobu', '1', '1', '2019-01-24 16:31:37', '2019-01-24 16:31:37', NULL),
(138, 'Amasaman', '1', '1', '2019-01-24 16:31:48', '2019-01-24 16:31:48', NULL),
(139, 'Dome / Kwabenya', '1', '1', '2019-01-24 16:32:09', '2019-01-24 16:32:09', NULL),
(140, 'Madina', '1', '1', '2019-01-24 16:32:20', '2019-01-24 16:32:20', NULL),
(141, 'Ayawaso East', '1', '1', '2019-01-24 16:33:09', '2019-01-24 16:33:09', NULL),
(142, 'Ayawaso North', '1', '1', '2019-01-24 16:33:23', '2019-01-24 16:33:23', NULL),
(143, 'Ayawaso Central', '1', '1', '2019-01-24 16:33:41', '2019-01-24 16:33:41', NULL),
(144, 'Okaikwei South', '1', '1', '2019-01-24 16:34:03', '2019-01-24 16:34:03', NULL),
(145, 'Okaikwei Central', '1', '1', '2019-01-24 16:34:21', '2019-01-24 16:34:21', NULL),
(146, 'Okaikwei North', '1', '1', '2019-01-24 16:34:43', '2019-01-24 16:34:43', NULL),
(147, 'Ablekuma North', '1', '1', '2019-01-24 16:36:22', '2019-01-24 16:36:22', NULL),
(148, 'Ablekuma Central', '1', '1', '2019-01-24 16:36:39', '2019-01-24 16:36:39', NULL),
(149, 'Ablekuma South', '1', '1', '2019-01-24 16:37:24', '2019-01-24 16:37:24', NULL),
(150, 'Ablekuma West', '1', '1', '2019-01-24 16:37:39', '2019-01-24 16:37:39', NULL),
(151, 'Odododiodioo', '1', '1', '2019-01-24 16:39:33', '2019-01-24 16:39:33', NULL),
(152, 'Korle Klottey', '1', '1', '2019-01-24 16:39:50', '2019-01-24 16:39:50', NULL),
(153, 'Dadekotopon', '1', '1', '2019-01-24 16:40:02', '2019-01-24 16:40:02', NULL),
(154, 'Ledzokuku', '1', '1', '2019-01-24 16:40:17', '2019-01-24 16:40:17', NULL),
(155, 'Krowor', '1', '1', '2019-01-24 16:40:29', '2019-01-24 16:40:29', NULL),
(156, 'Tema-East', '1', '1', '2019-01-24 16:40:41', '2019-01-24 16:40:41', NULL),
(157, 'Tema-Central', '1', '1', '2019-01-24 16:40:59', '2019-01-24 16:40:59', NULL),
(158, 'Tema-West', '1', '1', '2019-01-24 16:41:18', '2019-01-24 16:41:18', NULL),
(159, 'Kpone-Katamanso', '1', '1', '2019-01-24 16:41:51', '2019-01-24 16:41:51', NULL),
(160, 'Ashaiman', '1', '1', '2019-01-24 16:42:11', '2019-01-24 16:42:11', NULL),
(161, 'Adentan', '1', '1', '2019-01-24 16:43:04', '2019-01-24 16:43:04', NULL),
(162, 'Shai-Osudoku', '1', '1', '2019-01-24 16:43:21', '2019-01-24 16:43:21', NULL),
(163, 'Ningo Prampram', '1', '1', '2019-01-24 16:43:41', '2019-01-24 16:43:41', NULL),
(164, 'Sege', '1', '1', '2019-01-24 16:44:08', '2019-01-24 16:44:08', NULL),
(165, 'Ada', '1', '1', '2019-01-24 16:44:28', '2019-01-24 16:44:28', NULL),
(166, 'Keta', '1', '10', '2019-01-24 16:45:31', '2019-01-24 16:45:31', NULL),
(167, 'Anlo', '1', '10', '2019-01-24 16:45:52', '2019-01-24 16:45:52', NULL),
(168, 'Ketu South', '1', '10', '2019-01-24 16:46:05', '2019-01-24 16:46:05', NULL),
(169, 'Ketu North', '1', '10', '2019-01-24 16:46:23', '2019-01-24 16:46:23', NULL),
(170, 'Akatsi South', '1', '10', '2019-01-24 16:47:06', '2019-01-24 16:47:06', NULL),
(171, 'Akatsi North', '1', '10', '2019-01-24 16:47:34', '2019-01-24 16:47:34', NULL),
(172, 'South Tongu', '1', '10', '2019-01-24 16:48:37', '2019-01-24 16:48:37', NULL),
(173, 'Central Tongu', '1', '10', '2019-01-24 16:49:19', '2019-01-24 16:49:19', NULL),
(174, 'North Tongu', '1', '10', '2019-01-24 16:49:42', '2019-01-24 16:49:42', NULL),
(175, 'Adaklu', '1', '10', '2019-01-24 16:50:02', '2019-01-24 16:50:02', NULL),
(176, 'Agotime-Ziope', '1', '10', '2019-01-24 16:50:29', '2019-01-24 16:50:29', NULL),
(178, 'Ho West', '1', '10', '2019-01-24 18:15:12', '2019-01-24 18:15:12', NULL),
(179, 'South Dayi', '1', '10', '2019-01-24 18:15:24', '2019-01-24 18:15:24', NULL),
(180, 'Kpando', '1', '10', '2019-01-24 18:15:34', '2019-01-24 18:15:34', NULL),
(182, 'North Dayi', '1', '10', '2019-01-24 18:16:25', '2019-01-24 18:16:25', NULL),
(183, 'Hohoe', '1', '10', '2019-01-24 18:16:43', '2019-01-24 18:16:43', NULL),
(184, 'Afadjato South', '1', '10', '2019-01-24 18:16:59', '2019-01-24 18:16:59', NULL),
(185, 'Buem', '1', '10', '2019-01-24 18:17:11', '2019-01-24 18:17:11', NULL),
(186, 'Biakoye', '1', '10', '2019-01-24 18:17:22', '2019-01-24 18:17:22', NULL),
(187, 'Akan', '1', '10', '2019-01-24 18:17:36', '2019-01-24 18:17:36', NULL),
(188, 'Krachi East', '1', '10', '2019-01-24 18:17:48', '2019-01-24 18:17:48', NULL),
(189, 'Krachi West', '1', '10', '2019-01-24 18:18:16', '2019-01-24 18:18:16', NULL),
(190, 'Krachi Nchumuru', '1', '10', '2019-01-24 18:18:46', '2019-01-24 18:18:46', NULL),
(191, 'Nkwanta South', '1', '10', '2019-01-24 18:18:59', '2019-01-24 18:18:59', NULL),
(192, 'Nkwanta North', '1', '10', '2019-01-24 18:19:18', '2019-01-24 18:19:18', NULL),
(193, 'Bole/Bamboi', '1', '7', '2019-01-24 21:08:45', '2019-01-24 21:08:45', NULL),
(194, 'Sawla Tuna Kalba', '1', '7', '2019-01-24 21:09:22', '2019-01-24 21:09:22', NULL),
(195, 'Damongo', '1', '7', '2019-01-24 21:09:45', '2019-01-24 21:09:45', NULL),
(196, 'Daboya / Mankarigu', '1', '7', '2019-01-24 21:11:14', '2019-01-24 21:11:14', NULL),
(197, 'Yapei-Kusawgu', '1', '7', '2019-01-24 21:11:39', '2019-01-24 21:11:39', NULL),
(198, 'Salaga South', '1', '7', '2019-01-24 21:13:03', '2019-01-24 21:13:03', NULL),
(199, 'Salaga North', '1', '7', '2019-01-24 21:13:25', '2019-01-24 21:13:25', NULL),
(200, 'Bimbilla', '1', '7', '2019-01-24 21:14:16', '2019-01-24 21:14:16', NULL),
(201, 'Kpandai', '1', '7', '2019-01-24 21:15:15', '2019-01-24 21:15:15', NULL),
(202, 'Wulensi', '1', '7', '2019-01-24 21:17:17', '2019-01-24 21:17:17', NULL),
(203, 'Zabzugu', '1', '7', '2019-01-24 21:18:15', '2019-01-24 21:18:15', NULL),
(204, 'Tatale / Sanguli', '1', '7', '2019-01-24 21:19:31', '2019-01-24 21:19:31', NULL),
(205, 'Yendi', '1', '7', '2019-01-24 21:19:53', '2019-01-24 21:19:53', NULL),
(206, 'Mion', '1', '7', '2019-01-24 21:20:13', '2019-01-24 21:20:13', NULL),
(207, 'Saboba', '1', '7', '2019-01-24 21:20:37', '2019-01-24 21:20:37', NULL),
(208, 'Chereponi', '1', '7', '2019-01-24 21:21:13', '2019-01-24 21:21:13', NULL),
(209, 'Gushegu', '1', '7', '2019-01-24 21:21:29', '2019-01-24 21:21:29', NULL),
(210, 'Karaga', '1', '7', '2019-01-24 21:21:41', '2019-01-24 21:21:41', NULL),
(211, 'Savelugu', '1', '7', '2019-01-24 21:21:56', '2019-01-24 21:21:56', NULL),
(212, 'Nanton', '1', '7', '2019-01-24 21:22:19', '2019-01-24 21:22:19', NULL),
(213, 'Tamale South', '1', '7', '2019-01-24 21:23:26', '2019-01-24 21:23:26', NULL),
(214, 'Tamale Central', '1', '7', '2019-01-24 21:24:13', '2019-01-24 21:24:13', NULL),
(215, 'Sagnarigu', '1', '7', '2019-01-24 21:24:41', '2019-01-24 21:24:41', NULL),
(216, 'Tamale North', '1', '7', '2019-01-24 21:24:58', '2019-01-24 21:24:58', NULL),
(217, 'Tolon', '1', '7', '2019-01-24 21:25:14', '2019-01-24 21:25:14', NULL),
(218, 'Kumbungu', '1', '7', '2019-01-24 21:25:31', '2019-01-24 21:25:31', NULL),
(219, 'Walewale', '1', '7', '2019-01-24 21:25:46', '2019-01-24 21:25:46', NULL),
(220, 'Yagaba / Kubori', '1', '7', '2019-01-24 21:26:17', '2019-01-24 21:26:17', NULL),
(221, 'Nalerigu / Gambaga', '1', '7', '2019-01-24 21:27:02', '2019-01-24 21:27:02', NULL),
(222, 'Bunkpurugu', '1', '7', '2019-01-24 21:27:22', '2019-01-24 21:27:22', NULL),
(223, 'Yunyoo', '1', '7', '2019-01-24 21:27:58', '2019-01-24 21:27:58', NULL),
(224, 'Atebubu / Amantin', '1', '8', '2019-01-24 21:33:29', '2019-01-24 21:33:29', NULL),
(226, 'Lower Manya Krobo', '1', '9', '2019-01-24 21:36:06', '2019-01-24 21:36:06', NULL),
(227, 'Upper Manya Krobo', '1', '9', '2019-01-24 21:36:25', '2019-01-24 21:36:25', NULL),
(228, 'Yilo Krobo', '1', '9', '2019-01-24 21:36:54', '2019-01-24 21:36:54', NULL),
(229, 'New Juaben South', '1', '9', '2019-01-24 21:37:14', '2019-01-24 21:37:14', NULL),
(230, 'New Juaben North', '1', '9', '2019-01-24 21:37:34', '2019-01-24 21:37:34', NULL),
(231, 'Akropong', '1', '9', '2019-01-24 21:37:46', '2019-01-24 21:37:46', NULL),
(232, 'Okere', '1', '9', '2019-01-24 21:37:59', '2019-01-24 21:37:59', NULL),
(233, 'Akuapem South', '1', '9', '2019-01-24 21:38:20', '2019-01-24 21:38:20', NULL),
(234, 'Nsawam / Adoagyiri', '1', '9', '2019-01-24 21:38:36', '2019-01-24 21:38:36', NULL),
(235, 'Suhum', '1', '9', '2019-01-24 21:38:46', '2019-01-24 21:38:46', NULL),
(236, 'Ayensuano', '1', '9', '2019-01-24 21:39:03', '2019-01-24 21:39:03', NULL),
(237, 'Lower West Akim', '1', '9', '2019-01-24 21:39:17', '2019-01-24 21:39:17', NULL),
(238, 'Upper West Akim', '1', '9', '2019-01-24 21:39:31', '2019-01-24 21:39:31', NULL),
(239, 'Akim Oda', '1', '9', '2019-01-24 21:39:50', '2019-01-24 21:39:50', NULL),
(240, 'Asene / Akroso / Manso', '1', '9', '2019-01-24 21:40:41', '2019-01-24 21:40:41', NULL),
(241, 'Akim Swedru', '1', '9', '2019-01-24 21:40:56', '2019-01-24 21:40:56', NULL),
(242, 'Ofoasi / Ayirebi', '1', '9', '2019-01-24 21:43:07', '2019-01-24 21:43:07', NULL),
(243, 'Kade', '1', '9', '2019-01-24 21:47:13', '2019-01-24 21:47:13', NULL),
(244, 'Akwatia', '1', '9', '2019-01-24 21:49:58', '2019-01-24 21:49:58', NULL),
(245, 'Abirem', '1', '9', '2019-01-24 22:05:08', '2019-01-24 22:05:08', NULL),
(246, 'Abuakwa South', '1', '9', '2019-01-24 22:05:39', '2019-01-24 22:05:39', NULL),
(247, 'Abuakwa North', '1', '9', '2019-01-24 22:05:54', '2019-01-24 22:05:54', NULL),
(248, 'Atiwa West', '1', '9', '2019-01-24 22:06:12', '2019-01-24 22:06:12', NULL),
(249, 'Atiwa East', '1', '9', '2019-01-24 22:06:37', '2019-01-24 22:06:37', NULL),
(250, 'Fanteakwa South', '1', '9', '2019-01-24 22:06:59', '2019-01-24 22:06:59', NULL),
(251, 'Fanteakwa North', '1', '9', '2019-01-24 22:08:48', '2019-01-24 22:08:48', NULL),
(252, 'Nkawkaw', '1', '9', '2019-01-24 22:14:37', '2019-01-24 22:14:37', NULL),
(253, 'Mpraeso', '1', '9', '2019-01-24 22:14:52', '2019-01-24 22:14:52', NULL),
(254, 'Abetifi', '1', '9', '2019-01-24 22:15:29', '2019-01-24 22:15:29', NULL),
(255, 'Afram Plains North', '1', '9', '2019-01-24 22:15:44', '2019-01-24 22:15:44', NULL),
(256, 'Afram Plains South', '1', '9', '2019-01-24 22:15:56', '2019-01-24 22:15:56', NULL),
(257, 'Achiase', '1', '9', '2019-01-24 22:25:49', '2019-01-24 22:25:49', NULL),
(258, 'Builsa South', '1', '5', '2019-01-24 22:45:35', '2019-01-24 22:45:35', NULL),
(259, 'Builsa North', '1', '5', '2019-01-24 22:59:12', '2019-01-24 22:59:12', NULL),
(260, 'Navrongo Central', '1', '5', '2019-01-25 01:09:28', '2019-01-25 01:09:28', NULL),
(261, 'Chiana / Paga', '1', '5', '2019-01-25 01:09:59', '2019-01-25 01:09:59', NULL),
(262, 'Bolgatanga Central', '1', '5', '2019-01-25 01:10:26', '2019-01-25 01:10:26', NULL),
(263, 'Bolgatanga East', '1', '5', '2019-01-25 01:10:43', '2019-01-25 01:10:43', NULL),
(264, 'Bongo', '1', '5', '2019-01-25 01:10:54', '2019-01-25 01:10:54', NULL),
(265, 'Talensi', '1', '5', '2019-01-25 01:11:08', '2019-01-25 01:11:08', NULL),
(266, 'Nabdam', '1', '5', '2019-01-25 01:11:18', '2019-01-25 01:11:18', NULL),
(267, 'Zebilla', '1', '5', '2019-01-25 01:11:31', '2019-01-25 01:11:31', NULL),
(268, 'Bawku Central', '1', '5', '2019-01-25 01:11:47', '2019-01-25 01:11:47', NULL),
(269, 'Pusiga', '1', '5', '2019-01-25 01:12:01', '2019-01-25 01:12:01', NULL),
(270, 'Garu', '1', '5', '2019-01-25 01:12:20', '2019-01-25 01:12:20', NULL),
(271, 'Tempane', '1', '5', '2019-01-25 01:12:38', '2019-01-25 01:12:38', NULL),
(272, 'Binduri', '1', '5', '2019-01-25 01:13:38', '2019-01-25 01:13:38', NULL),
(273, 'Wa Central', '1', '6', '2019-01-25 01:14:16', '2019-01-25 01:14:16', NULL),
(274, 'Wa West', '1', '6', '2019-01-25 01:14:35', '2019-01-25 01:14:35', NULL),
(275, 'Wa East', '1', '6', '2019-01-25 01:14:50', '2019-01-25 01:14:50', NULL),
(276, 'Nadowli / Kaleo', '1', '6', '2019-01-25 01:15:15', '2019-01-25 01:15:15', NULL),
(277, 'Daffiama / Bussie / Issa', '1', '6', '2019-01-25 01:15:57', '2019-01-25 01:15:57', NULL),
(278, 'Jirapa', '1', '6', '2019-01-25 01:16:11', '2019-01-25 01:16:11', NULL),
(279, 'Lambussie-Karni', '1', '6', '2019-01-25 01:16:30', '2019-01-25 01:16:30', NULL),
(280, 'Lawra', '1', '6', '2019-01-25 01:16:47', '2019-01-25 01:16:47', NULL),
(281, 'Nandom', '1', '6', '2019-01-25 01:17:00', '2019-01-25 01:17:00', NULL),
(282, 'Sissala West', '1', '6', '2019-01-25 01:17:49', '2019-01-25 01:17:49', NULL),
(283, 'Sissala East', '1', '6', '2019-01-25 01:18:06', '2019-01-25 01:18:06', NULL);

-- --------------------------------------------------------

--
-- Table structure for table `countries`
--

CREATE TABLE `countries` (
  `id` int(10) UNSIGNED NOT NULL,
  `name` varchar(191) DEFAULT NULL,
  `country_id` varchar(191) DEFAULT NULL,
  `created_at` timestamp NULL DEFAULT NULL,
  `updated_at` timestamp NULL DEFAULT NULL
) ENGINE=MyISAM DEFAULT CHARSET=utf8mb4 COLLATE=utf8mb4_unicode_ci;

--
-- Dumping data for table `countries`
--

INSERT INTO `countries` (`id`, `name`, `country_id`, `created_at`, `updated_at`) VALUES
(1, 'Ghana', 'GH', '2018-11-25 19:54:08', '2018-11-25 19:54:08');

-- --------------------------------------------------------

--
-- Table structure for table `election_result`
--

CREATE TABLE `election_result` (
  `id` int(10) UNSIGNED NOT NULL,
  `created_at` timestamp NULL DEFAULT NULL,
  `updated_at` timestamp NULL DEFAULT NULL,
  `polling_station_id` int(10) UNSIGNED NOT NULL,
  `user_id` int(11) DEFAULT NULL,
  `user_type_id` int(10) UNSIGNED NOT NULL,
  `country_id` int(10) UNSIGNED NOT NULL,
  `region_id` int(10) UNSIGNED NOT NULL,
  `constituency_id` int(10) UNSIGNED NOT NULL,
  `electoral_area_id` int(10) UNSIGNED NOT NULL,
  `election_type_id` int(10) UNSIGNED NOT NULL,
  `election_start_up_id` int(10) UNSIGNED NOT NULL,
  `obtained_votes` varchar(191) NOT NULL,
  `total_ballot` varchar(191) NOT NULL,
  `total_rejected_ballot` varchar(191) DEFAULT NULL,
  `verify_by_constituency` tinyint(1) NOT NULL DEFAULT 0,
  `verify_by_regional` tinyint(1) NOT NULL DEFAULT 0,
  `result_by_constituency` varchar(191) DEFAULT NULL
) ENGINE=MyISAM DEFAULT CHARSET=utf8mb4 COLLATE=utf8mb4_unicode_ci;

--
-- Dumping data for table `election_result`
--

INSERT INTO `election_result` (`id`, `created_at`, `updated_at`, `polling_station_id`, `user_id`, `user_type_id`, `country_id`, `region_id`, `constituency_id`, `electoral_area_id`, `election_type_id`, `election_start_up_id`, `obtained_votes`, `total_ballot`, `total_rejected_ballot`, `verify_by_constituency`, `verify_by_regional`, `result_by_constituency`) VALUES
(103, '2023-02-22 23:36:57', '2026-04-04 15:24:25', 144, NULL, 3, 1, 2, 2, 10, 2, 15, '100', '100', '0', 1, 0, '29'),
(105, '2023-03-27 06:46:47', '2026-04-04 15:22:18', 144, 28, 5, 1, 2, 2, 10, 1, 16, '102', '107', '5', 0, 0, NULL);

-- --------------------------------------------------------

--
-- Table structure for table `election_startup_detail`
--

CREATE TABLE `election_startup_detail` (
  `id` int(10) UNSIGNED NOT NULL,
  `created_at` timestamp NULL DEFAULT NULL,
  `updated_at` timestamp NULL DEFAULT NULL,
  `election_name` varchar(191) DEFAULT NULL,
  `start` varchar(191) DEFAULT NULL,
  `end` varchar(191) DEFAULT NULL,
  `total_constituency` varchar(191) DEFAULT NULL,
  `total_electral` varchar(191) DEFAULT NULL,
  `total_polling` varchar(191) DEFAULT NULL,
  `total_voters` varchar(191) DEFAULT NULL,
  `status` tinyint(1) DEFAULT NULL COMMENT 'if 0 then stoped if 1 then started',
  `election_type_id` varchar(191) DEFAULT NULL
) ENGINE=MyISAM DEFAULT CHARSET=utf8mb4 COLLATE=utf8mb4_unicode_ci;

--
-- Dumping data for table `election_startup_detail`
--

INSERT INTO `election_startup_detail` (`id`, `created_at`, `updated_at`, `election_name`, `start`, `end`, `total_constituency`, `total_electral`, `total_polling`, `total_voters`, `status`, `election_type_id`) VALUES
(17, '2023-02-22 22:51:48', '2023-03-27 05:13:09', 'SAMPLE ASSEMBLY ELECTION', '2023-02-22 00:00:00', '2024-12-08 23:59:59', '275', '275', '273', '0', 0, '3'),
(16, '2023-02-22 22:43:42', '2026-04-04 13:55:28', '2024 - General Elections', '2023-02-22 00:00:00', '2024-12-09 23:59:59', '275', '275', '273', '0', 1, '1'),
(15, '2023-02-22 22:33:11', '2024-04-29 12:04:37', '2024 - Parliamentary Election', '2023-02-22 00:00:00', '2024-12-09 23:59:59', '275', '275', '273', '0', 1, '2');

-- --------------------------------------------------------

--
-- Table structure for table `election_type`
--

CREATE TABLE `election_type` (
  `id` int(10) UNSIGNED NOT NULL,
  `name` varchar(191) DEFAULT NULL,
  `created_at` timestamp NULL DEFAULT NULL,
  `updated_at` timestamp NULL DEFAULT NULL
) ENGINE=MyISAM DEFAULT CHARSET=utf8mb4 COLLATE=utf8mb4_unicode_ci;

--
-- Dumping data for table `election_type`
--

INSERT INTO `election_type` (`id`, `name`, `created_at`, `updated_at`) VALUES
(1, 'Presidential Election', '2018-11-27 21:04:22', '2018-11-27 21:10:19'),
(2, 'Parliamentary Election', '2018-11-27 21:07:44', '2018-11-27 21:07:44'),
(3, 'District Assembly Election', '2018-11-27 21:08:51', '2018-11-27 21:08:51');

-- --------------------------------------------------------

--
-- Table structure for table `electoralarea`
--

CREATE TABLE `electoralarea` (
  `id` int(10) UNSIGNED NOT NULL,
  `name` varchar(191) DEFAULT NULL,
  `country_id` varchar(191) DEFAULT NULL,
  `region_id` varchar(191) DEFAULT NULL,
  `constituency_id` varchar(191) DEFAULT NULL,
  `created_at` timestamp NULL DEFAULT NULL,
  `updated_at` timestamp NULL DEFAULT NULL
) ENGINE=MyISAM DEFAULT CHARSET=utf8mb4 COLLATE=utf8mb4_unicode_ci;

--
-- Dumping data for table `electoralarea`
--

INSERT INTO `electoralarea` (`id`, `name`, `country_id`, `region_id`, `constituency_id`, `created_at`, `updated_at`) VALUES
(10, 'AOB Election Center', '1', '2', '2', '0000-00-00 00:00:00', '0000-00-00 00:00:00'),
(14, 'Awutu East Election Center', '1', '2', '122', '0000-00-00 00:00:00', '0000-00-00 00:00:00'),
(13, 'Awutu West Election Center', '1', '2', '3', '0000-00-00 00:00:00', '0000-00-00 00:00:00'),
(11, 'Jomoro Election Centre', '1', '3', '85', '0000-00-00 00:00:00', '0000-00-00 00:00:00'),
(12, 'Ajumako Election Center', '1', '2', '117', '0000-00-00 00:00:00', '0000-00-00 00:00:00'),
(15, 'KEEA Election Center', '1', '2', '111', '0000-00-00 00:00:00', '0000-00-00 00:00:00'),
(16, 'Cape Coast South Election Center', '1', '2', '112', '0000-00-00 00:00:00', '0000-00-00 00:00:00'),
(17, 'Cape Coast North Election Center', '1', '2', '132', '0000-00-00 00:00:00', '0000-00-00 00:00:00'),
(18, 'Abura Election Center', '1', '2', '114', '0000-00-00 00:00:00', '0000-00-00 00:00:00'),
(19, 'Mfantseman Election Center', '1', '2', '115', '0000-00-00 00:00:00', '0000-00-00 00:00:00'),
(20, 'Ekumfi Election Center', '1', '2', '116', '0000-00-00 00:00:00', '0000-00-00 00:00:00'),
(21, 'Gomoa West Election Center', '1', '2', '118', '0000-00-00 00:00:00', '0000-00-00 00:00:00'),
(22, 'Gomoa Central Election Center', '1', '2', '119', '0000-00-00 00:00:00', '0000-00-00 00:00:00'),
(23, 'Gomoa East Election Center', '1', '2', '120', '0000-00-00 00:00:00', '0000-00-00 00:00:00'),
(24, 'Effutu Election Center', '1', '2', '121', '0000-00-00 00:00:00', '0000-00-00 00:00:00'),
(25, 'Agona West Election Center', '1', '2', '123', '0000-00-00 00:00:00', '0000-00-00 00:00:00'),
(26, 'Agona East Election Center', '1', '2', '124', '0000-00-00 00:00:00', '0000-00-00 00:00:00'),
(27, 'Assin Central Election Center', '1', '2', '125', '0000-00-00 00:00:00', '0000-00-00 00:00:00'),
(28, 'Assin North Election Center', '1', '2', '126', '0000-00-00 00:00:00', '0000-00-00 00:00:00'),
(29, 'Assin South Election Center', '1', '2', '127', '0000-00-00 00:00:00', '0000-00-00 00:00:00'),
(30, 'Twifo Ati Morkwaa Election Center', '1', '2', '128', '0000-00-00 00:00:00', '0000-00-00 00:00:00'),
(31, 'Hemang Lower Denkyira Election Center', '1', '2', '129', '0000-00-00 00:00:00', '0000-00-00 00:00:00'),
(32, 'Upper Denkyira East Election Center', '1', '2', '130', '0000-00-00 00:00:00', '0000-00-00 00:00:00'),
(33, 'Upper Denkyira West Election Center', '1', '2', '131', '0000-00-00 00:00:00', '0000-00-00 00:00:00'),
(34, 'Ellembele Election Center', '1', '3', '86', '0000-00-00 00:00:00', '0000-00-00 00:00:00'),
(35, 'Evalue Election Center', '1', '3', '87', '0000-00-00 00:00:00', '0000-00-00 00:00:00'),
(36, 'Ahanta West Election Center', '1', '3', '88', '0000-00-00 00:00:00', '0000-00-00 00:00:00'),
(37, 'Takoradi Election Center', '1', '3', '89', '0000-00-00 00:00:00', '0000-00-00 00:00:00'),
(38, 'Effia Election Center', '1', '3', '90', '0000-00-00 00:00:00', '0000-00-00 00:00:00'),
(39, 'Kwesimintsim Election Center', '1', '3', '91', '0000-00-00 00:00:00', '0000-00-00 00:00:00'),
(40, 'Sekondi Election Center', '1', '3', '92', '0000-00-00 00:00:00', '0000-00-00 00:00:00'),
(41, 'Essikadu Election Center', '1', '3', '93', '0000-00-00 00:00:00', '0000-00-00 00:00:00'),
(42, 'Shama Election Center', '1', '3', '94', '0000-00-00 00:00:00', '0000-00-00 00:00:00'),
(43, 'Wassa East Election Center', '1', '3', '95', '0000-00-00 00:00:00', '0000-00-00 00:00:00'),
(44, 'Mpohor Election Center', '1', '3', '96', '0000-00-00 00:00:00', '0000-00-00 00:00:00'),
(45, 'Tarkwa Nsuaem Election Center', '1', '3', '97', '0000-00-00 00:00:00', '0000-00-00 00:00:00'),
(46, 'Prestea Election Center', '1', '3', '98', '0000-00-00 00:00:00', '0000-00-00 00:00:00'),
(47, 'Amenfi East Election Center', '1', '3', '99', '0000-00-00 00:00:00', '0000-00-00 00:00:00'),
(48, 'Amenfi Central Election Center', '1', '3', '100', '0000-00-00 00:00:00', '0000-00-00 00:00:00'),
(49, 'Amenfi West Election Center', '1', '3', '101', '0000-00-00 00:00:00', '0000-00-00 00:00:00'),
(50, 'Aowin Election Center', '1', '3', '102', '0000-00-00 00:00:00', '0000-00-00 00:00:00'),
(51, 'Suaman Election Center', '1', '3', '103', '0000-00-00 00:00:00', '0000-00-00 00:00:00'),
(52, 'Bibiani Election Center', '1', '3', '104', '0000-00-00 00:00:00', '0000-00-00 00:00:00'),
(53, 'Sefwi Wiawso Election Center', '1', '3', '105', '0000-00-00 00:00:00', '0000-00-00 00:00:00'),
(54, 'Sefwi Akontombra Election Center', '1', '3', '106', '0000-00-00 00:00:00', '0000-00-00 00:00:00'),
(55, 'Juaboso Election Center', '1', '3', '107', '0000-00-00 00:00:00', '0000-00-00 00:00:00'),
(56, 'Bodi Election Center', '1', '3', '108', '0000-00-00 00:00:00', '0000-00-00 00:00:00'),
(57, 'Bia West Election Center', '1', '3', '109', '0000-00-00 00:00:00', '0000-00-00 00:00:00'),
(58, 'Bia East Election Center', '1', '3', '110', '0000-00-00 00:00:00', '0000-00-00 00:00:00'),
(59, 'Bortianor Election Center', '1', '1', '133', '0000-00-00 00:00:00', '0000-00-00 00:00:00'),
(60, 'Weija Election Center', '1', '1', '134', '0000-00-00 00:00:00', '0000-00-00 00:00:00'),
(61, 'Domeabra Election Center', '1', '1', '135', '0000-00-00 00:00:00', '0000-00-00 00:00:00'),
(62, 'Anyaa Election Center', '1', '1', '136', '0000-00-00 00:00:00', '0000-00-00 00:00:00'),
(63, 'Trobu Election Center', '1', '1', '137', '0000-00-00 00:00:00', '0000-00-00 00:00:00'),
(64, 'Amasaman Election Center', '1', '1', '138', '0000-00-00 00:00:00', '0000-00-00 00:00:00'),
(65, 'Dome Election Center', '1', '1', '139', '0000-00-00 00:00:00', '0000-00-00 00:00:00'),
(66, 'Madina Election Center', '1', '1', '140', '0000-00-00 00:00:00', '0000-00-00 00:00:00'),
(67, 'Ayawaso East Election Center', '1', '1', '141', '0000-00-00 00:00:00', '0000-00-00 00:00:00'),
(68, 'Ayawaso North Election Center', '1', '1', '142', '0000-00-00 00:00:00', '0000-00-00 00:00:00'),
(69, 'Ayawaso Central Election Center', '1', '1', '143', '0000-00-00 00:00:00', '0000-00-00 00:00:00'),
(70, 'Ayawaso West Wuogon Election Center', '1', '1', '1', '0000-00-00 00:00:00', '0000-00-00 00:00:00'),
(71, 'Okaikwei South Election Center', '1', '1', '144', '0000-00-00 00:00:00', '0000-00-00 00:00:00'),
(72, 'Okaikwei Central Election Center', '1', '1', '145', '0000-00-00 00:00:00', '0000-00-00 00:00:00'),
(73, 'Okaikwei North Election Center', '1', '1', '146', '0000-00-00 00:00:00', '0000-00-00 00:00:00'),
(74, 'Ablekuma North Election Center', '1', '1', '147', '0000-00-00 00:00:00', '0000-00-00 00:00:00'),
(75, 'Ablekuma Central Election Center', '1', '1', '148', '0000-00-00 00:00:00', '0000-00-00 00:00:00'),
(76, 'Ablekuma South Election Center', '1', '1', '149', '0000-00-00 00:00:00', '0000-00-00 00:00:00'),
(77, 'Ablekuma West Election Center', '1', '1', '150', '0000-00-00 00:00:00', '0000-00-00 00:00:00'),
(78, 'Odododiodioo Election Center', '1', '1', '151', '0000-00-00 00:00:00', '0000-00-00 00:00:00'),
(79, 'Korle Klottey Election Center', '1', '1', '152', '0000-00-00 00:00:00', '0000-00-00 00:00:00'),
(80, 'Dadekotopon Election Center', '1', '1', '153', '0000-00-00 00:00:00', '0000-00-00 00:00:00'),
(81, 'Ledzokuku Election Center', '1', '1', '154', '0000-00-00 00:00:00', '0000-00-00 00:00:00'),
(82, 'Krowor Election Center', '1', '1', '155', '0000-00-00 00:00:00', '0000-00-00 00:00:00'),
(83, 'Tema-East Election Center', '1', '1', '156', '0000-00-00 00:00:00', '0000-00-00 00:00:00'),
(84, 'Tema-Central Election Center', '1', '1', '157', '0000-00-00 00:00:00', '0000-00-00 00:00:00'),
(85, 'Tema-West Election Center', '1', '1', '158', '0000-00-00 00:00:00', '0000-00-00 00:00:00'),
(86, 'Kpone Election Center', '1', '1', '159', '0000-00-00 00:00:00', '0000-00-00 00:00:00'),
(87, 'Ashaiman Election Center', '1', '1', '160', '0000-00-00 00:00:00', '0000-00-00 00:00:00'),
(88, 'Adentan Election Center', '1', '1', '161', '0000-00-00 00:00:00', '0000-00-00 00:00:00'),
(89, 'Shai-Osudoku Election Center', '1', '1', '162', '0000-00-00 00:00:00', '0000-00-00 00:00:00'),
(90, 'Ningo Prampram Election Center', '1', '1', '163', '0000-00-00 00:00:00', '0000-00-00 00:00:00'),
(91, 'Sege Election Center', '1', '1', '164', '0000-00-00 00:00:00', '0000-00-00 00:00:00'),
(92, 'Ada Election Center', '1', '1', '165', '0000-00-00 00:00:00', '0000-00-00 00:00:00'),
(93, 'Keta Election Center', '1', '10', '166', '0000-00-00 00:00:00', '0000-00-00 00:00:00'),
(94, 'Anlo Election Center', '1', '10', '167', '0000-00-00 00:00:00', '0000-00-00 00:00:00'),
(95, 'Ketu South Election Center', '1', '10', '168', '0000-00-00 00:00:00', '0000-00-00 00:00:00'),
(96, 'Ketu North Election Center', '1', '10', '169', '0000-00-00 00:00:00', '0000-00-00 00:00:00'),
(97, 'Akatsi South Election Center', '1', '10', '170', '0000-00-00 00:00:00', '0000-00-00 00:00:00'),
(98, 'Akatsi North Election Center', '1', '10', '171', '0000-00-00 00:00:00', '0000-00-00 00:00:00'),
(99, 'South Tongu Election Center', '1', '10', '172', '0000-00-00 00:00:00', '0000-00-00 00:00:00'),
(100, 'Central Tongu Election Center', '1', '10', '173', '0000-00-00 00:00:00', '0000-00-00 00:00:00'),
(101, 'North Tongu Election Center', '1', '10', '174', '0000-00-00 00:00:00', '0000-00-00 00:00:00'),
(102, 'Adaklu Election Center', '1', '10', '175', '0000-00-00 00:00:00', '0000-00-00 00:00:00'),
(103, 'Agotime Election Center', '1', '10', '176', '0000-00-00 00:00:00', '0000-00-00 00:00:00'),
(104, 'Ho Central Election Center', '1', '10', '177', '0000-00-00 00:00:00', '0000-00-00 00:00:00'),
(105, 'Ho West Election Center', '1', '10', '178', '0000-00-00 00:00:00', '0000-00-00 00:00:00'),
(106, 'South Dayi Election Center', '1', '10', '179', '0000-00-00 00:00:00', '0000-00-00 00:00:00'),
(107, 'Kpando Election Center', '1', '10', '180', '0000-00-00 00:00:00', '0000-00-00 00:00:00'),
(108, 'North Dayi Election Center', '1', '10', '182', '0000-00-00 00:00:00', '0000-00-00 00:00:00'),
(109, 'Hohoe Election Center', '1', '10', '183', '0000-00-00 00:00:00', '0000-00-00 00:00:00'),
(110, 'Afadjato South Election Center', '1', '10', '184', '0000-00-00 00:00:00', '0000-00-00 00:00:00'),
(111, 'Buem Election Center', '1', '10', '185', '0000-00-00 00:00:00', '0000-00-00 00:00:00'),
(112, 'Biakoye Election Center', '1', '10', '186', '0000-00-00 00:00:00', '0000-00-00 00:00:00'),
(113, 'Akan Election Center', '1', '10', '187', '0000-00-00 00:00:00', '0000-00-00 00:00:00'),
(114, 'Krachi East Election Center', '1', '10', '188', '0000-00-00 00:00:00', '0000-00-00 00:00:00'),
(115, 'Krachi West Election Center', '1', '10', '189', '0000-00-00 00:00:00', '0000-00-00 00:00:00'),
(116, 'Krachi Nchumuru Election Center', '1', '10', '190', '0000-00-00 00:00:00', '0000-00-00 00:00:00'),
(117, 'Nkwanta South Election Center', '1', '10', '191', '0000-00-00 00:00:00', '0000-00-00 00:00:00'),
(118, 'Nkwanta North Election Center', '1', '10', '192', '0000-00-00 00:00:00', '0000-00-00 00:00:00'),
(119, 'Adansi Election Center', '1', '4', '4', '0000-00-00 00:00:00', '0000-00-00 00:00:00'),
(120, 'Fomena Election Center', '1', '4', '5', '0000-00-00 00:00:00', '0000-00-00 00:00:00'),
(121, 'New Edubiase Election Center', '1', '4', '6', '0000-00-00 00:00:00', '0000-00-00 00:00:00'),
(122, 'New Edubease Election Center', '1', '4', '7', '0000-00-00 00:00:00', '0000-00-00 00:00:00'),
(123, 'Kwabre West Election Center', '1', '4', '8', '0000-00-00 00:00:00', '0000-00-00 00:00:00'),
(124, 'Ahafo Ano South East Election Center', '1', '4', '9', '0000-00-00 00:00:00', '0000-00-00 00:00:00'),
(125, 'Ahafo Ano South West Election Center', '1', '4', '10', '0000-00-00 00:00:00', '0000-00-00 00:00:00'),
(126, 'Odotobori Election Center', '1', '4', '11', '0000-00-00 00:00:00', '0000-00-00 00:00:00'),
(127, 'Amansie West Election Center', '1', '4', '12', '0000-00-00 00:00:00', '0000-00-00 00:00:00'),
(128, 'Odotobri Election Center', '1', '4', '13', '0000-00-00 00:00:00', '0000-00-00 00:00:00'),
(129, 'Manso Nkwanta Election Center', '1', '4', '14', '0000-00-00 00:00:00', '0000-00-00 00:00:00'),
(130, 'Manso Adubia Election Center', '1', '4', '15', '0000-00-00 00:00:00', '0000-00-00 00:00:00'),
(131, 'Asante - Akim North Election Center', '1', '4', '16', '0000-00-00 00:00:00', '0000-00-00 00:00:00'),
(132, 'Asante - Akim Central Election Center', '1', '4', '17', '0000-00-00 00:00:00', '0000-00-00 00:00:00'),
(133, 'Asante - Akim South Election Center', '1', '4', '18', '0000-00-00 00:00:00', '0000-00-00 00:00:00'),
(134, 'Atwima - Mponua Election Center', '1', '4', '19', '0000-00-00 00:00:00', '0000-00-00 00:00:00'),
(135, 'Atwima - Nwabiagya Election Center', '1', '4', '20', '0000-00-00 00:00:00', '0000-00-00 00:00:00'),
(136, 'Atwima - Nwabiagya North Election Center', '1', '4', '21', '0000-00-00 00:00:00', '0000-00-00 00:00:00'),
(137, 'Atwima - Nwabiagya South Election Center', '1', '4', '22', '0000-00-00 00:00:00', '0000-00-00 00:00:00'),
(138, 'Bekwai Election Center', '1', '4', '23', '0000-00-00 00:00:00', '0000-00-00 00:00:00'),
(139, 'Bosome Election Center', '1', '4', '24', '0000-00-00 00:00:00', '0000-00-00 00:00:00'),
(140, 'Bosomtwi Election Center', '1', '4', '25', '0000-00-00 00:00:00', '0000-00-00 00:00:00'),
(141, 'Ejisu Election Center', '1', '4', '26', '0000-00-00 00:00:00', '0000-00-00 00:00:00'),
(142, 'Juaben Election Center', '1', '4', '27', '0000-00-00 00:00:00', '0000-00-00 00:00:00'),
(143, 'Ejura Election Center', '1', '4', '28', '0000-00-00 00:00:00', '0000-00-00 00:00:00'),
(144, 'Asokwa Election Center', '1', '4', '29', '0000-00-00 00:00:00', '0000-00-00 00:00:00'),
(145, 'Mampong Election Center', '1', '4', '30', '0000-00-00 00:00:00', '0000-00-00 00:00:00'),
(146, 'Bantama Election Center', '1', '4', '31', '0000-00-00 00:00:00', '0000-00-00 00:00:00'),
(147, 'Nhyiaeso Election Center', '1', '4', '32', '0000-00-00 00:00:00', '0000-00-00 00:00:00'),
(148, 'Oforikrom Election Center', '1', '4', '33', '0000-00-00 00:00:00', '0000-00-00 00:00:00'),
(149, 'Old Tafo Election Center', '1', '4', '34', '0000-00-00 00:00:00', '0000-00-00 00:00:00'),
(150, 'Suame Election Center', '1', '4', '35', '0000-00-00 00:00:00', '0000-00-00 00:00:00'),
(151, 'Subin Election Center', '1', '4', '36', '0000-00-00 00:00:00', '0000-00-00 00:00:00'),
(152, 'Manhyia North Election Center', '1', '4', '37', '0000-00-00 00:00:00', '0000-00-00 00:00:00'),
(153, 'Manhyia South Election Center', '1', '4', '38', '0000-00-00 00:00:00', '0000-00-00 00:00:00'),
(154, 'Kwadaso Election Center', '1', '4', '39', '0000-00-00 00:00:00', '0000-00-00 00:00:00'),
(155, 'Kwabre East Election Center', '1', '4', '40', '0000-00-00 00:00:00', '0000-00-00 00:00:00'),
(156, 'Akrofuom Election Center', '1', '4', '41', '0000-00-00 00:00:00', '0000-00-00 00:00:00'),
(157, 'Obuasi Election Center', '1', '4', '42', '0000-00-00 00:00:00', '0000-00-00 00:00:00'),
(158, 'Obuasi East Election Center', '1', '4', '43', '0000-00-00 00:00:00', '0000-00-00 00:00:00'),
(159, 'Kumawu Election Center', '1', '4', '45', '0000-00-00 00:00:00', '0000-00-00 00:00:00'),
(160, 'Sekyere Afram Plains Election Center', '1', '4', '46', '0000-00-00 00:00:00', '0000-00-00 00:00:00'),
(161, 'Nsuta Election Center', '1', '4', '47', '0000-00-00 00:00:00', '0000-00-00 00:00:00'),
(162, 'Afigya Sekyere East Election Center', '1', '4', '49', '0000-00-00 00:00:00', '0000-00-00 00:00:00'),
(163, 'Effiduase - Asokore Election Center', '1', '4', '50', '0000-00-00 00:00:00', '0000-00-00 00:00:00'),
(164, 'Offinso South Election Center', '1', '4', '51', '0000-00-00 00:00:00', '0000-00-00 00:00:00'),
(165, 'Offinso North Election Center', '1', '4', '52', '0000-00-00 00:00:00', '0000-00-00 00:00:00'),
(166, 'Asunafo North Election Center', '1', '8', '53', '0000-00-00 00:00:00', '0000-00-00 00:00:00'),
(167, 'Asunafo South Election Center', '1', '8', '54', '0000-00-00 00:00:00', '0000-00-00 00:00:00'),
(168, 'Banda Election Center', '1', '8', '56', '0000-00-00 00:00:00', '0000-00-00 00:00:00'),
(169, 'Berekum East Election Center', '1', '8', '59', '0000-00-00 00:00:00', '0000-00-00 00:00:00'),
(170, 'Berekum West Election Center', '1', '8', '60', '0000-00-00 00:00:00', '0000-00-00 00:00:00'),
(171, 'Dormaa East Election Center', '1', '8', '61', '0000-00-00 00:00:00', '0000-00-00 00:00:00'),
(172, 'Dormaa West Election Center', '1', '8', '62', '0000-00-00 00:00:00', '0000-00-00 00:00:00'),
(173, 'Dormaa Central Election Center', '1', '8', '63', '0000-00-00 00:00:00', '0000-00-00 00:00:00'),
(174, 'Jaman North Election Center', '1', '8', '64', '0000-00-00 00:00:00', '0000-00-00 00:00:00'),
(175, 'Jaman South Election Center', '1', '8', '65', '0000-00-00 00:00:00', '0000-00-00 00:00:00'),
(176, 'Kintampo North Election Center', '1', '8', '66', '0000-00-00 00:00:00', '0000-00-00 00:00:00'),
(177, 'Kintampo South Election Center', '1', '8', '67', '0000-00-00 00:00:00', '0000-00-00 00:00:00'),
(178, 'Nkoranza North Election Center', '1', '8', '68', '0000-00-00 00:00:00', '0000-00-00 00:00:00'),
(179, 'Nkoranza South Election Center', '1', '8', '69', '0000-00-00 00:00:00', '0000-00-00 00:00:00'),
(180, 'Pru East Election Center', '1', '8', '70', '0000-00-00 00:00:00', '0000-00-00 00:00:00'),
(181, 'Pru West Election Center', '1', '8', '71', '0000-00-00 00:00:00', '0000-00-00 00:00:00'),
(182, 'Sene East Election Center', '1', '8', '73', '0000-00-00 00:00:00', '0000-00-00 00:00:00'),
(183, 'Sene West Election Center', '1', '8', '74', '0000-00-00 00:00:00', '0000-00-00 00:00:00'),
(184, 'Sunyani East Election Center', '1', '8', '75', '0000-00-00 00:00:00', '0000-00-00 00:00:00'),
(185, 'Sunyani West Election Center', '1', '8', '76', '0000-00-00 00:00:00', '0000-00-00 00:00:00'),
(186, 'Tain Election Center', '1', '8', '77', '0000-00-00 00:00:00', '0000-00-00 00:00:00'),
(187, 'Tano North Election Center', '1', '8', '78', '0000-00-00 00:00:00', '0000-00-00 00:00:00'),
(188, 'Tano South Election Center', '1', '8', '79', '0000-00-00 00:00:00', '0000-00-00 00:00:00'),
(189, 'Techiman North Election Center', '1', '8', '80', '0000-00-00 00:00:00', '0000-00-00 00:00:00'),
(190, 'Techiman South Election Center', '1', '8', '81', '0000-00-00 00:00:00', '0000-00-00 00:00:00'),
(191, 'Wenchi Election Center', '1', '8', '82', '0000-00-00 00:00:00', '0000-00-00 00:00:00'),
(192, 'Asutifi South Election Center', '1', '8', '83', '0000-00-00 00:00:00', '0000-00-00 00:00:00'),
(193, 'Asutifi North Election Center', '1', '8', '84', '0000-00-00 00:00:00', '0000-00-00 00:00:00'),
(194, 'Bole/Bamboi Election Center', '1', '7', '193', '0000-00-00 00:00:00', '0000-00-00 00:00:00'),
(195, 'Sawla Tuna Kalba Election Center', '1', '7', '194', '0000-00-00 00:00:00', '0000-00-00 00:00:00'),
(196, 'Damongo Election Center', '1', '7', '195', '0000-00-00 00:00:00', '0000-00-00 00:00:00'),
(197, 'Daboya/Mankarigu Election Center', '1', '7', '196', '0000-00-00 00:00:00', '0000-00-00 00:00:00'),
(198, 'Yapei-Kusawgu Election Center', '1', '7', '197', '0000-00-00 00:00:00', '0000-00-00 00:00:00'),
(199, 'Salaga South Election Center', '1', '7', '198', '0000-00-00 00:00:00', '0000-00-00 00:00:00'),
(200, 'Salaga North Election Center', '1', '7', '199', '0000-00-00 00:00:00', '0000-00-00 00:00:00'),
(201, 'Bimbilla Election Center', '1', '7', '200', '0000-00-00 00:00:00', '0000-00-00 00:00:00'),
(202, 'Kpandai Election Center', '1', '7', '201', '0000-00-00 00:00:00', '0000-00-00 00:00:00'),
(203, 'Wulensi Election Center', '1', '7', '202', '0000-00-00 00:00:00', '0000-00-00 00:00:00'),
(204, 'Zabzugu Election Center', '1', '7', '203', '0000-00-00 00:00:00', '0000-00-00 00:00:00'),
(205, 'Tatale/Sanguli Election Center', '1', '7', '204', '0000-00-00 00:00:00', '0000-00-00 00:00:00'),
(206, 'Yendi Election Center', '1', '7', '205', '0000-00-00 00:00:00', '0000-00-00 00:00:00'),
(207, 'Mion Election Center', '1', '7', '206', '0000-00-00 00:00:00', '0000-00-00 00:00:00'),
(208, 'Saboba Election Center', '1', '7', '207', '0000-00-00 00:00:00', '0000-00-00 00:00:00'),
(209, 'Chereponi Election Center', '1', '7', '208', '0000-00-00 00:00:00', '0000-00-00 00:00:00'),
(210, 'Gushegu Election Center', '1', '7', '209', '0000-00-00 00:00:00', '0000-00-00 00:00:00'),
(211, 'Karaga Election Center', '1', '7', '210', '0000-00-00 00:00:00', '0000-00-00 00:00:00'),
(212, 'Savelugu Election Center', '1', '7', '211', '0000-00-00 00:00:00', '0000-00-00 00:00:00'),
(213, 'Nanton Election Center', '1', '7', '212', '0000-00-00 00:00:00', '0000-00-00 00:00:00'),
(214, 'Tamale South Election Center', '1', '7', '213', '0000-00-00 00:00:00', '0000-00-00 00:00:00'),
(215, 'Tamale Central Election Center', '1', '7', '214', '0000-00-00 00:00:00', '0000-00-00 00:00:00'),
(216, 'Sagnarigu Election Center', '1', '7', '215', '0000-00-00 00:00:00', '0000-00-00 00:00:00'),
(217, 'Tamale North Election Center', '1', '7', '216', '0000-00-00 00:00:00', '0000-00-00 00:00:00'),
(218, 'Tolon Election Center', '1', '7', '217', '0000-00-00 00:00:00', '0000-00-00 00:00:00'),
(219, 'Kumbungu Election Center', '1', '7', '218', '0000-00-00 00:00:00', '0000-00-00 00:00:00'),
(220, 'Walewale Election Center', '1', '7', '219', '0000-00-00 00:00:00', '0000-00-00 00:00:00'),
(221, 'Yagaba/Kubori Election Center', '1', '7', '220', '0000-00-00 00:00:00', '0000-00-00 00:00:00'),
(222, 'Nalerigu/Gambaga Election Center', '1', '7', '221', '0000-00-00 00:00:00', '0000-00-00 00:00:00'),
(223, 'Bunkpurugu Election Center', '1', '7', '222', '0000-00-00 00:00:00', '0000-00-00 00:00:00'),
(224, 'Yunyoo Election Center', '1', '7', '223', '0000-00-00 00:00:00', '0000-00-00 00:00:00'),
(225, 'Atebubu/Amantin Election Center', '1', '8', '224', '0000-00-00 00:00:00', '0000-00-00 00:00:00'),
(226, 'Asuogyaman Election Center', '1', '9', '225', '0000-00-00 00:00:00', '0000-00-00 00:00:00'),
(227, 'Lower Manya Krobo Election Center', '1', '9', '226', '0000-00-00 00:00:00', '0000-00-00 00:00:00'),
(228, 'Upper Manya Krobo Election Center', '1', '9', '227', '0000-00-00 00:00:00', '0000-00-00 00:00:00'),
(229, 'Yilo Krobo Election Center', '1', '9', '228', '0000-00-00 00:00:00', '0000-00-00 00:00:00'),
(230, 'New Juaben South Election Center', '1', '9', '229', '0000-00-00 00:00:00', '0000-00-00 00:00:00'),
(231, 'New Juaben North Election Center', '1', '9', '230', '0000-00-00 00:00:00', '0000-00-00 00:00:00'),
(232, 'Akropong Election Center', '1', '9', '231', '0000-00-00 00:00:00', '0000-00-00 00:00:00'),
(233, 'Okere Election Center', '1', '9', '232', '0000-00-00 00:00:00', '0000-00-00 00:00:00'),
(234, 'Akuapem South Election Center', '1', '9', '233', '0000-00-00 00:00:00', '0000-00-00 00:00:00'),
(235, 'Nsawam/Adoagyiri Election Center', '1', '9', '234', '0000-00-00 00:00:00', '0000-00-00 00:00:00'),
(236, 'Suhum Election Center', '1', '9', '235', '0000-00-00 00:00:00', '0000-00-00 00:00:00'),
(237, 'Ayensuano Election Center', '1', '9', '236', '0000-00-00 00:00:00', '0000-00-00 00:00:00'),
(238, 'Lower West Akim Election Center', '1', '9', '237', '0000-00-00 00:00:00', '0000-00-00 00:00:00'),
(239, 'Upper West Akim Election Center', '1', '9', '238', '0000-00-00 00:00:00', '0000-00-00 00:00:00'),
(240, 'Akim Oda Election Center', '1', '9', '239', '0000-00-00 00:00:00', '0000-00-00 00:00:00'),
(241, 'Asene/Akroso/Manso Election Center', '1', '9', '240', '0000-00-00 00:00:00', '0000-00-00 00:00:00'),
(242, 'Akim Swedru Election Center', '1', '9', '241', '0000-00-00 00:00:00', '0000-00-00 00:00:00'),
(243, 'Ofoasi/Ayirebi Election Center', '1', '9', '242', '0000-00-00 00:00:00', '0000-00-00 00:00:00'),
(244, 'Kade Election Center', '1', '9', '243', '0000-00-00 00:00:00', '0000-00-00 00:00:00'),
(245, 'Akwatia Election Center', '1', '9', '244', '0000-00-00 00:00:00', '0000-00-00 00:00:00'),
(246, 'Abirem Election Center', '1', '9', '245', '0000-00-00 00:00:00', '0000-00-00 00:00:00'),
(247, 'Abuakwa South Election Center', '1', '9', '246', '0000-00-00 00:00:00', '0000-00-00 00:00:00'),
(248, 'Abuakwa North Election Center', '1', '9', '247', '0000-00-00 00:00:00', '0000-00-00 00:00:00'),
(249, 'Atiwa West Election Center', '1', '9', '248', '0000-00-00 00:00:00', '0000-00-00 00:00:00'),
(250, 'Atiwa East Election Center', '1', '9', '249', '0000-00-00 00:00:00', '0000-00-00 00:00:00'),
(251, 'Fanteakwa South Election Center', '1', '9', '250', '0000-00-00 00:00:00', '0000-00-00 00:00:00'),
(252, 'Fanteakwa North Election Center', '1', '9', '251', '0000-00-00 00:00:00', '0000-00-00 00:00:00'),
(253, 'Nkawkaw Election Center', '1', '9', '252', '0000-00-00 00:00:00', '0000-00-00 00:00:00'),
(254, 'Mpraeso Election Center', '1', '9', '253', '0000-00-00 00:00:00', '0000-00-00 00:00:00'),
(255, 'Abetifi Election Center', '1', '9', '254', '0000-00-00 00:00:00', '0000-00-00 00:00:00'),
(256, 'Afram Plains North Election Center', '1', '9', '255', '0000-00-00 00:00:00', '0000-00-00 00:00:00'),
(257, 'Afram Plains South Election Center', '1', '9', '256', '0000-00-00 00:00:00', '0000-00-00 00:00:00'),
(258, 'Achiase Election Center', '1', '9', '257', '0000-00-00 00:00:00', '0000-00-00 00:00:00'),
(259, 'Builsa South Election Center', '1', '5', '258', '0000-00-00 00:00:00', '0000-00-00 00:00:00'),
(260, 'Builsa North Election Center', '1', '5', '259', '0000-00-00 00:00:00', '0000-00-00 00:00:00'),
(261, 'Navrongo Central Election Center', '1', '5', '260', '0000-00-00 00:00:00', '0000-00-00 00:00:00'),
(262, 'Chiana/Paga Election Center', '1', '5', '261', '0000-00-00 00:00:00', '0000-00-00 00:00:00'),
(263, 'Bolgatanga Central Election Center', '1', '5', '262', '0000-00-00 00:00:00', '0000-00-00 00:00:00'),
(264, 'Bolgatanga East Election Center', '1', '5', '263', '0000-00-00 00:00:00', '0000-00-00 00:00:00'),
(265, 'Bongo Election Center', '1', '5', '264', '0000-00-00 00:00:00', '0000-00-00 00:00:00'),
(266, 'Talensi Election Center', '1', '5', '265', '0000-00-00 00:00:00', '0000-00-00 00:00:00'),
(267, 'Nabdam Election Center', '1', '5', '266', '0000-00-00 00:00:00', '0000-00-00 00:00:00'),
(268, 'Zebilla Election Center', '1', '5', '267', '0000-00-00 00:00:00', '0000-00-00 00:00:00'),
(269, 'Bawku Central Election Center', '1', '5', '268', '0000-00-00 00:00:00', '0000-00-00 00:00:00'),
(270, 'Pusiga Election Center', '1', '5', '269', '0000-00-00 00:00:00', '0000-00-00 00:00:00'),
(271, 'Garu Election Center', '1', '5', '270', '0000-00-00 00:00:00', '0000-00-00 00:00:00'),
(272, 'Tempane Election Center', '1', '5', '271', '0000-00-00 00:00:00', '0000-00-00 00:00:00'),
(273, 'Binduri Election Center', '1', '5', '272', '0000-00-00 00:00:00', '0000-00-00 00:00:00'),
(274, 'Wa Central Election Center', '1', '6', '273', '0000-00-00 00:00:00', '0000-00-00 00:00:00'),
(275, 'Wa West Election Center', '1', '6', '274', '0000-00-00 00:00:00', '0000-00-00 00:00:00'),
(276, 'Wa East Election Center', '1', '6', '275', '0000-00-00 00:00:00', '0000-00-00 00:00:00'),
(277, 'Nadowli/Kaleo Election Center', '1', '6', '276', '0000-00-00 00:00:00', '0000-00-00 00:00:00'),
(278, 'Daffiama/Bussie/Issa Election Center', '1', '6', '277', '0000-00-00 00:00:00', '0000-00-00 00:00:00'),
(279, 'Jirapa Election Center', '1', '6', '278', '0000-00-00 00:00:00', '0000-00-00 00:00:00'),
(280, 'Lambussie-Karni Election Center', '1', '6', '279', '0000-00-00 00:00:00', '0000-00-00 00:00:00'),
(281, 'Lawra Election Center', '1', '6', '280', '0000-00-00 00:00:00', '0000-00-00 00:00:00'),
(282, 'Nandom Election Center', '1', '6', '281', '0000-00-00 00:00:00', '0000-00-00 00:00:00'),
(283, 'Sissala West Election Center', '1', '6', '282', '0000-00-00 00:00:00', '0000-00-00 00:00:00'),
(284, 'Sissala East Election Center', '1', '6', '283', '0000-00-00 00:00:00', '0000-00-00 00:00:00');

-- --------------------------------------------------------

--
-- Table structure for table `message_process`
--

CREATE TABLE `message_process` (
  `id` int(10) UNSIGNED NOT NULL,
  `phone` varchar(191) NOT NULL,
  `type` int(11) NOT NULL,
  `stage` varchar(191) NOT NULL,
  `user_id` varchar(191) DEFAULT NULL,
  `data` varchar(191) DEFAULT NULL,
  `obj` text NOT NULL,
  `created_at` timestamp NULL DEFAULT NULL,
  `updated_at` timestamp NULL DEFAULT NULL
) ENGINE=MyISAM DEFAULT CHARSET=utf8mb4 COLLATE=utf8mb4_unicode_ci;

--
-- Dumping data for table `message_process`
--

INSERT INTO `message_process` (`id`, `phone`, `type`, `stage`, `user_id`, `data`, `obj`, `created_at`, `updated_at`) VALUES
(1, '+923457286380', 5, '1', NULL, '', '{\"received\":\"Hello\",\"sent\":\"Welcome To Elections Results Transfer System.\\n        Please Reply With Polling Agent Id and Password. e.g \'ID,Password\'\"}', '2019-02-12 17:57:00', '2019-02-12 17:57:00'),
(3, '+923457286380', 5, '1', NULL, '', '{\"received\":\"Hhh\",\"sent\":\"Invalid Account details. Please resend your correct Agent Id and Password. e.g \\n  ID123,Password123\"}', '2019-02-12 18:04:19', '2019-02-12 18:04:19'),
(4, '7028', 5, '1', NULL, '', '{\"received\":\"en.\",\"sent\":\"Welcome To Elections Results Transfer System.\\n        Please Reply With Polling Agent Id and Password. e.g \'ID,Password\'\"}', '2019-02-12 18:11:50', '2019-02-12 18:11:50'),
(5, '7028', 5, '1', NULL, '', '{\"received\":\"Rs.50.00 recharged by retailer number 3135457673,Balance:Rs.85.46,Valid:07-04-2019,10 GB (bashamul 5GB, 4AM se 4PM tak) 7din k liye Rs. 200 mey. Abhi *220# mila\",\"sent\":\"Invalid Account details. Please resend your correct Agent Id and Password. e.g \\n  ID123,Password123\"}', '2019-02-12 18:12:25', '2019-02-12 18:12:25'),
(6, '+923125117559', 5, '1', NULL, '', '{\"received\":\"Hi\",\"sent\":\"Welcome To Elections Results Transfer System.\\n        Please Reply With Polling Agent Id and Password. e.g \'ID,Password\'\"}', '2019-02-12 19:39:44', '2019-02-12 19:39:44'),
(7, '+233509961976', 5, '1', NULL, '', '{\"received\":\"Dear how are u and how is your day, am just missing you seriously.I wish we are together,my love take care of urself for only me,kisses,I wish u will be\",\"sent\":\"Welcome To Elections Results Transfer System.\\n        Please Reply With Polling Agent Id and Password. e.g \'ID,Password\'\"}', '2019-02-12 20:05:42', '2019-02-12 20:05:42'),
(8, '+233509961976', 5, '1', NULL, '', '{\"received\":\"mine forever.\",\"sent\":\"Invalid Account details. Please resend your correct Agent Id and Password. e.g \\n  ID123,Password123\"}', '2019-02-12 21:05:56', '2019-02-12 21:05:56'),
(9, 'ZONG', 5, '1', NULL, '', '{\"received\":\"Free Delivery! Gher bethay Hasil Kijiye Zong MBB device, Tez Tareen Internet Speed k sath. Visit: https:\\/\\/bit.ly\\/2q2MNrn\",\"sent\":\"Welcome To Elections Results Transfer System.\\n        Please Reply With Polling Agent Id and Password. e.g \'ID,Password\'\"}', '2019-02-12 22:00:36', '2019-02-12 22:00:36'),
(10, '+923461905442', 5, '1', NULL, '', '{\"received\":\"aoa.\",\"sent\":\"Welcome To Elections Results Transfer System.\\n        Please Reply With Polling Agent Id and Password. e.g \'ID,Password\'\"}', '2019-02-12 22:33:39', '2019-02-12 22:33:39'),
(11, '+923461905442', 5, '1', NULL, '', '{\"received\":\"helo?\",\"sent\":\"Invalid Account details. Please resend your correct Agent Id and Password. e.g \\n  ID123,Password123\"}', '2019-02-12 22:33:41', '2019-02-12 22:33:41'),
(12, '+923461905442', 5, '1', NULL, '', '{\"received\":\"ha bolo kay ho rha.\",\"sent\":\"Invalid Account details. Please resend your correct Agent Id and Password. e.g \\n  ID123,Password123\"}', '2019-02-12 22:35:02', '2019-02-12 22:35:02'),
(13, '+923125117559', 5, '1', NULL, '', '{\"received\":\"Hi\",\"sent\":\"Invalid Account details. Please resend your correct Agent Id and Password. e.g \\n  ID123,Password123\"}', '2019-02-12 23:51:11', '2019-02-12 23:51:11'),
(14, '+923005063849', 5, '1', NULL, '', '{\"received\":\"Fahad\",\"sent\":\"Welcome To Elections Results Transfer System.\\n        Please Reply With Polling Agent Id and Password. e.g \'ID,Password\'\"}', '2019-02-12 23:57:16', '2019-02-12 23:57:16'),
(15, '+923005063849', 5, '1', NULL, '', '{\"received\":\"Fahad\",\"sent\":\"Invalid Account details. Please resend your correct Agent Id and Password. e.g \\n  ID123,Password123\"}', '2019-02-12 23:58:25', '2019-02-12 23:58:25'),
(16, '+923125117559', 5, '1', NULL, '', '{\"received\":\"Hi\",\"sent\":\"Invalid Account details. Please resend your correct Agent Id and Password. e.g \\n  ID123,Password123\"}', '2019-02-12 23:59:14', '2019-02-12 23:59:14'),
(17, '+923005063849', 5, '1', NULL, '', '{\"received\":\"Fahad\",\"sent\":\"Invalid Account details. Please resend your correct Agent Id and Password. e.g \\n  ID123,Password123\"}', '2019-02-12 23:59:51', '2019-02-12 23:59:51'),
(18, 'ZONG OFFERS', 5, '1', NULL, '', '{\"received\":\"Pakistan ki No.1 weekly offer Super Weekly Max se payn 10GB internet (bashamool 5GB 4AM se 4PM tak) purey 7din kliye sirf Rs200 mein. Offer kliye *220# milaen\",\"sent\":\"Welcome To Elections Results Transfer System.\\n        Please Reply With Polling Agent Id and Password. e.g \'ID,Password\'\"}', '2019-02-13 11:28:57', '2019-02-13 11:28:57'),
(19, '+923125117559', 5, '1', NULL, '', '{\"received\":\"Hi\",\"sent\":\"Invalid Account details. Please resend your correct Agent Id and Password. e.g \\n  ID123,Password123\"}', '2019-02-13 20:31:19', '2019-02-13 20:31:19'),
(20, '+923461905442', 5, '1', NULL, '', '{\"received\":\"helo\",\"sent\":\"Invalid Account details. Please resend your correct Agent Id and Password. e.g \\n  ID123,Password123\"}', '2019-02-14 16:36:07', '2019-02-14 16:36:07'),
(21, '+923461905442', 5, '1', NULL, '', '{\"received\":\"fhad bhi mary kam ki kay update ha.\",\"sent\":\"Invalid Account details. Please resend your correct Agent Id and Password. e.g \\n  ID123,Password123\"}', '2019-02-14 16:37:50', '2019-02-14 16:37:50'),
(22, '+923461905442', 5, '1', NULL, '', '{\"received\":\"yr mari clg fee ka isue chal rha ha.55000 pay krni a.\",\"sent\":\"Invalid Account details. Please resend your correct Agent Id and Password. e.g \\n  ID123,Password123\"}', '2019-02-14 16:37:55', '2019-02-14 16:37:55'),
(23, '+923461905442', 5, '1', NULL, '', '{\"received\":\"kro yr kuch . plz\",\"sent\":\"Invalid Account details. Please resend your correct Agent Id and Password. e.g \\n  ID123,Password123\"}', '2019-02-14 16:38:29', '2019-02-14 16:38:29'),
(24, '+923461905442', 5, '1', NULL, '', '{\"received\":\"?\",\"sent\":\"Invalid Account details. Please resend your correct Agent Id and Password. e.g \\n  ID123,Password123\"}', '2019-02-14 16:39:11', '2019-02-14 16:39:11'),
(25, '+923461905442', 5, '1', NULL, '', '{\"received\":\"kr do yr ma phus gay hon\",\"sent\":\"Invalid Account details. Please resend your correct Agent Id and Password. e.g \\n  ID123,Password123\"}', '2019-02-14 16:40:00', '2019-02-14 16:40:00'),
(26, '+923461905442', 5, '1', NULL, '', '{\"received\":\"tara musla kay ha abi.\",\"sent\":\"Invalid Account details. Please resend your correct Agent Id and Password. e.g \\n  ID123,Password123\"}', '2019-02-14 16:42:32', '2019-02-14 16:42:32'),
(27, '+923461905442', 5, '1', NULL, '', '{\"received\":\"tmhra musla ty hal ho gay tha.\",\"sent\":\"Invalid Account details. Please resend your correct Agent Id and Password. e.g \\n  ID123,Password123\"}', '2019-02-14 16:44:30', '2019-02-14 16:44:30'),
(28, '+923461905442', 5, '1', NULL, '', '{\"received\":\"Keera tha mujhe yaha a gya. smj npi ai\",\"sent\":\"Invalid Account details. Please resend your correct Agent Id and Password. e.g \\n  ID123,Password123\"}', '2019-02-14 16:45:53', '2019-02-14 16:45:53'),
(29, '+923461905442', 5, '1', NULL, '', '{\"received\":\"?\",\"sent\":\"Invalid Account details. Please resend your correct Agent Id and Password. e.g \\n  ID123,Password123\"}', '2019-02-14 16:48:34', '2019-02-14 16:48:34'),
(30, '+923461905442', 5, '1', NULL, '', '{\"received\":\"yr plz kuch kr mara end hn gay ha.\",\"sent\":\"Invalid Account details. Please resend your correct Agent Id and Password. e.g \\n  ID123,Password123\"}', '2019-02-14 16:49:05', '2019-02-14 16:49:05'),
(31, 'ZONG', 5, '1', NULL, '', '{\"received\":\"Dear Customer, your remaining account balance is less than Rs.10.Kindly recharge. Zong Ki Services K Bare Me Janne K Ly Us Service Ka Naam 310 Pr Muft SMS Kren.\",\"sent\":\"Invalid Account details. Please resend your correct Agent Id and Password. e.g \\n  ID123,Password123\"}', '2019-02-14 19:47:27', '2019-02-14 19:47:27'),
(32, '+923025178351', 5, '1', NULL, '', '{\"received\":\"Kdr hai bey\",\"sent\":\"Welcome To Elections Results Transfer System.\\n        Please Reply With Polling Agent Id and Password. e.g \'ID,Password\'\"}', '2019-02-14 21:30:40', '2019-02-14 21:30:40'),
(33, '911', 5, '1', NULL, '', '{\"received\":\"Apka balance is call k liay nakafi ha. Abhi \\\"Y\\\" likh k reply karnay par Rs.25 ka Zong Fori Loan hasil karen @Rs3.5\",\"sent\":\"Welcome To Elections Results Transfer System.\\n        Please Reply With Polling Agent Id and Password. e.g \'ID,Password\'\"}', '2019-02-15 16:29:20', '2019-02-15 16:29:20'),
(34, 'ZONG', 5, '1', NULL, '', '{\"received\":\"You have loaded 25.00.New balance is Rs.25.92.Valid up to 07-04-2019.\",\"sent\":\"Invalid Account details. Please resend your correct Agent Id and Password. e.g \\n  ID123,Password123\"}', '2019-02-15 16:29:47', '2019-02-15 16:29:47'),
(35, '911', 5, '1', NULL, '', '{\"received\":\"Moaziz Sarif Rs.25 Zong Advance balance apko farahum kerdia gaya hai jo aglay recharge pe Rs.3.50 service charges ke sath kaat liyya jaega.\",\"sent\":\"Invalid Account details. Please resend your correct Agent Id and Password. e.g \\n  ID123,Password123\"}', '2019-02-15 16:30:07', '2019-02-15 16:30:07'),
(36, 'ZONG', 5, '1', NULL, '', '{\"received\":\"Ab sirf aik click pe packages \\/ bundles hasil kijiye. Abhi visit karein www.zong.com.pk\\/onlineshop\",\"sent\":\"Invalid Account details. Please resend your correct Agent Id and Password. e.g \\n  ID123,Password123\"}', '2019-02-15 18:38:55', '2019-02-15 18:38:55'),
(37, '911', 5, '1', NULL, '', '{\"received\":\"Zong Advance Loan dobara hasil karne ke liye balance recharge kerain. Apne matloba number pe Yaari Call ke liye number se pehle 11 dial karein bilkul muft.\",\"sent\":\"Invalid Account details. Please resend your correct Agent Id and Password. e.g \\n  ID123,Password123\"}', '2019-02-15 19:17:46', '2019-02-15 19:17:46'),
(38, '911', 5, '1', NULL, '', '{\"received\":\"Zong Advance Loan dobara hasil karne ke liye balance recharge kerain. Apne matloba number pe Yaari Call ke liye number se pehle 11 dial karein bilkul muft.\",\"sent\":\"Invalid Account details. Please resend your correct Agent Id and Password. e.g \\n  ID123,Password123\"}', '2019-02-15 19:18:09', '2019-02-15 19:18:09'),
(39, '911', 5, '1', NULL, '', '{\"received\":\"Zong Advance Loan dobara hasil karne ke liye balance recharge kerain. Apne matloba number pe Yaari Call ke liye number se pehle 11 dial karein bilkul muft.\",\"sent\":\"Invalid Account details. Please resend your correct Agent Id and Password. e.g \\n  ID123,Password123\"}', '2019-02-15 19:18:38', '2019-02-15 19:18:38'),
(40, '911', 5, '1', NULL, '', '{\"received\":\"Apka balance is call k liay nakafi ha. Abhi \\\"Y\\\" likh k reply karnay par Rs.25 ka Zong Fori Loan hasil karen @Rs3.5\",\"sent\":\"Invalid Account details. Please resend your correct Agent Id and Password. e.g \\n  ID123,Password123\"}', '2019-02-15 19:47:47', '2019-02-15 19:47:47'),
(41, '911', 5, '1', NULL, '', '{\"received\":\"Zong Advance Loan dobara hasil karne ke liye balance recharge kerain. Apne matloba number pe Yaari Call ke liye number se pehle 11 dial karein bilkul muft.\",\"sent\":\"Invalid Account details. Please resend your correct Agent Id and Password. e.g \\n  ID123,Password123\"}', '2019-02-15 19:48:01', '2019-02-15 19:48:01'),
(42, '911', 5, '1', NULL, '', '{\"received\":\"Zong Advance Loan dobara hasil karne ke liye balance recharge kerain. Apne matloba number pe Yaari Call ke liye number se pehle 11 dial karein bilkul muft.\",\"sent\":\"Invalid Account details. Please resend your correct Agent Id and Password. e.g \\n  ID123,Password123\"}', '2019-02-15 19:48:14', '2019-02-15 19:48:14'),
(43, '911', 5, '1', NULL, '', '{\"received\":\"Zong Advance Loan dobara hasil karne ke liye balance recharge kerain. Apne matloba number pe Yaari Call ke liye number se pehle 11 dial karein bilkul muft.\",\"sent\":\"Invalid Account details. Please resend your correct Agent Id and Password. e.g \\n  ID123,Password123\"}', '2019-02-15 19:48:47', '2019-02-15 19:48:47'),
(44, '911', 5, '1', NULL, '', '{\"received\":\"Zong Advance Loan dobara hasil karne ke liye balance recharge kerain. Apne matloba number pe Yaari Call ke liye number se pehle 11 dial karein bilkul muft.\",\"sent\":\"Invalid Account details. Please resend your correct Agent Id and Password. e.g \\n  ID123,Password123\"}', '2019-02-15 19:49:17', '2019-02-15 19:49:17'),
(45, '911', 5, '1', NULL, '', '{\"received\":\"Zong Advance Loan dobara hasil karne ke liye balance recharge kerain. Apne matloba number pe Yaari Call ke liye number se pehle 11 dial karein bilkul muft.\",\"sent\":\"Invalid Account details. Please resend your correct Agent Id and Password. e.g \\n  ID123,Password123\"}', '2019-02-15 19:49:36', '2019-02-15 19:49:36'),
(46, '911', 5, '1', NULL, '', '{\"received\":\"Zong Advance Loan dobara hasil karne ke liye balance recharge kerain. Apne matloba number pe Yaari Call ke liye number se pehle 11 dial karein bilkul muft.\",\"sent\":\"Invalid Account details. Please resend your correct Agent Id and Password. e.g \\n  ID123,Password123\"}', '2019-02-15 19:50:32', '2019-02-15 19:50:32'),
(47, '911', 5, '1', NULL, '', '{\"received\":\"Zong Advance Loan dobara hasil karne ke liye balance recharge kerain. Apne matloba number pe Yaari Call ke liye number se pehle 11 dial karein bilkul muft.\",\"sent\":\"Invalid Account details. Please resend your correct Agent Id and Password. e.g \\n  ID123,Password123\"}', '2019-02-15 19:50:47', '2019-02-15 19:50:47'),
(48, '911', 5, '1', NULL, '', '{\"received\":\"Zong Advance Loan dobara hasil karne ke liye balance recharge kerain. Apne matloba number pe Yaari Call ke liye number se pehle 11 dial karein bilkul muft.\",\"sent\":\"Invalid Account details. Please resend your correct Agent Id and Password. e.g \\n  ID123,Password123\"}', '2019-02-15 19:51:05', '2019-02-15 19:51:05'),
(49, '911', 5, '1', NULL, '', '{\"received\":\"Zong Advance Loan dobara hasil karne ke liye balance recharge kerain. Apne matloba number pe Yaari Call ke liye number se pehle 11 dial karein bilkul muft.\",\"sent\":\"Invalid Account details. Please resend your correct Agent Id and Password. e.g \\n  ID123,Password123\"}', '2019-02-15 19:51:23', '2019-02-15 19:51:23'),
(50, '911', 5, '1', NULL, '', '{\"received\":\"Zong Advance Loan dobara hasil karne ke liye balance recharge kerain. Apne matloba number pe Yaari Call ke liye number se pehle 11 dial karein bilkul muft.\",\"sent\":\"Invalid Account details. Please resend your correct Agent Id and Password. e.g \\n  ID123,Password123\"}', '2019-02-15 19:51:41', '2019-02-15 19:51:41'),
(51, '911', 5, '1', NULL, '', '{\"received\":\"Zong Advance Loan dobara hasil karne ke liye balance recharge kerain. Apne matloba number pe Yaari Call ke liye number se pehle 11 dial karein bilkul muft.\",\"sent\":\"Invalid Account details. Please resend your correct Agent Id and Password. e.g \\n  ID123,Password123\"}', '2019-02-15 19:52:00', '2019-02-15 19:52:00'),
(52, '911', 5, '1', NULL, '', '{\"received\":\"Zong Advance Loan dobara hasil karne ke liye balance recharge kerain. Apne matloba number pe Yaari Call ke liye number se pehle 11 dial karein bilkul muft.\",\"sent\":\"Invalid Account details. Please resend your correct Agent Id and Password. e.g \\n  ID123,Password123\"}', '2019-02-15 19:52:19', '2019-02-15 19:52:19'),
(53, '911', 5, '1', NULL, '', '{\"received\":\"Zong Advance Loan dobara hasil karne ke liye balance recharge kerain. Apne matloba number pe Yaari Call ke liye number se pehle 11 dial karein bilkul muft.\",\"sent\":\"Invalid Account details. Please resend your correct Agent Id and Password. e.g \\n  ID123,Password123\"}', '2019-02-15 19:52:49', '2019-02-15 19:52:49');

-- --------------------------------------------------------

--
-- Table structure for table `migrations`
--

CREATE TABLE `migrations` (
  `id` int(10) UNSIGNED NOT NULL,
  `migration` varchar(191) NOT NULL,
  `batch` int(11) NOT NULL
) ENGINE=MyISAM DEFAULT CHARSET=utf8mb4 COLLATE=utf8mb4_unicode_ci;

--
-- Dumping data for table `migrations`
--

INSERT INTO `migrations` (`id`, `migration`, `batch`) VALUES
(13, '2014_10_12_000000_create_users_table', 1),
(14, '2014_10_12_100000_create_password_resets_table', 1),
(15, '2018_11_22_132457_adding_site_info_table', 1),
(16, '2018_11_22_204146_add_user_type_table', 1),
(17, '2018_11_22_205917_adding_new_column_to_user_table', 1),
(18, '2018_11_22_223814_add_super_admin_table', 1),
(19, '2018_11_23_202319_adding_username_column_in_user_table', 1),
(20, '2018_11_24_104241_add_parent_column', 1),
(21, '2018_11_24_124219_adding_phone_no_column_to_user_table', 1),
(22, '2018_11_24_125246_adding_username_in_users_table', 1),
(23, '2018_11_24_175514_adding_country_table', 2),
(24, '2018_11_24_183259_adding_region_table', 2),
(25, '2018_11_24_191926_adding_constituency_table', 2),
(26, '2018_11_25_071628_adding__electoral_area_table', 2),
(27, '2018_11_25_091453_adding__polling_station__table', 2),
(28, '2018_11_25_105322_adding_new_columns_to_user_table', 2),
(29, '2018_11_26_081425_adding_column_to_polling_station_about_voters', 3),
(30, '2018_11_26_100334_adding_column_to_constitutation__about_voters', 3),
(31, '2018_11_26_103032_add_election_type_table', 3),
(32, '2018_11_26_121740_add_political_party_table', 3),
(33, '2018_11_26_155304_create_candidates_table', 3),
(34, '2018_11_29_145216_adding_election_start_table', 4),
(35, '2018_11_30_114441_adding_secret_column_to_agent__table', 5),
(36, '2018_12_01_113053_creating_election_results_table', 6),
(37, '2018_12_01_164555_creating_party_results_table', 6),
(38, '2018_12_02_154621_adding_startup_column_in_candidate_table', 7),
(39, '2018_12_21_183655_adding_logo_column_to_user_table', 8),
(40, '2018_12_29_082844_adding_confirmation_column_to_election_result', 9),
(41, '2019_01_02_175220_adding_result_by_constituency_director_column', 10),
(42, '2019_01_02_183520_adding_result_by_constituency_director_column_to_party', 10),
(43, '2019_01_05_190025_adding_olumns_to_regions', 11),
(44, '2019_01_16_140046_adding_ordering_position_ofcandidate_table', 12),
(45, '2019_01_19_103943_sms', 13);

-- --------------------------------------------------------

--
-- Table structure for table `party_election_result`
--

CREATE TABLE `party_election_result` (
  `id` int(10) UNSIGNED NOT NULL,
  `created_at` timestamp NULL DEFAULT NULL,
  `updated_at` timestamp NULL DEFAULT NULL,
  `election_result_id` int(10) UNSIGNED NOT NULL,
  `user_id` int(11) DEFAULT NULL,
  `polling_station_id` int(10) UNSIGNED NOT NULL,
  `party_id` int(10) UNSIGNED NOT NULL,
  `candidate_id` int(10) UNSIGNED NOT NULL,
  `obtained_vote` varchar(191) NOT NULL,
  `result_by_constituency` varchar(191) DEFAULT NULL,
  `country_id` int(10) UNSIGNED DEFAULT NULL,
  `region_id` int(10) UNSIGNED DEFAULT NULL,
  `constituency_id` int(10) UNSIGNED DEFAULT NULL,
  `electoral_area_id` int(10) UNSIGNED DEFAULT NULL
) ENGINE=MyISAM DEFAULT CHARSET=utf8mb4 COLLATE=utf8mb4_unicode_ci;

--
-- Dumping data for table `party_election_result`
--

INSERT INTO `party_election_result` (`id`, `created_at`, `updated_at`, `election_result_id`, `user_id`, `polling_station_id`, `party_id`, `candidate_id`, `obtained_vote`, `result_by_constituency`, `country_id`, `region_id`, `constituency_id`, `electoral_area_id`) VALUES
(297, '2023-02-22 23:36:57', '2026-04-04 13:57:48', 103, NULL, 144, 11, 36, '91', '29', 1, 2, 2, NULL),
(296, '2023-02-22 23:36:57', '2024-04-29 12:29:13', 103, NULL, 144, 12, 37, '9', '29', 1, 2, 2, NULL),
(301, '2023-03-27 06:46:47', '2026-04-04 14:25:36', 105, 28, 144, 11, 38, '90', NULL, 1, 2, 2, NULL),
(300, '2023-03-27 06:46:47', '2026-04-04 15:22:18', 105, 28, 144, 12, 39, '12', NULL, 1, 2, 2, NULL),
(302, '2026-04-04 15:25:33', '2026-04-04 15:25:33', 106, 28, 144, 12, 39, '21', NULL, 1, 2, 2, NULL),
(303, '2026-04-04 15:25:33', '2026-04-04 15:25:33', 106, 28, 144, 11, 38, '11', NULL, 1, 2, 2, NULL);

-- --------------------------------------------------------

--
-- Table structure for table `password_resets`
--

CREATE TABLE `password_resets` (
  `email` varchar(191) NOT NULL,
  `token` varchar(191) NOT NULL,
  `created_at` timestamp NULL DEFAULT NULL
) ENGINE=MyISAM DEFAULT CHARSET=utf8mb4 COLLATE=utf8mb4_unicode_ci;

-- --------------------------------------------------------

--
-- Table structure for table `political_party`
--

CREATE TABLE `political_party` (
  `id` int(10) UNSIGNED NOT NULL,
  `name` varchar(191) DEFAULT NULL,
  `party_id` varchar(191) DEFAULT NULL,
  `party_initial` varchar(191) DEFAULT NULL,
  `logo` varchar(191) DEFAULT NULL,
  `created_at` timestamp NULL DEFAULT NULL,
  `updated_at` timestamp NULL DEFAULT NULL
) ENGINE=MyISAM DEFAULT CHARSET=utf8mb4 COLLATE=utf8mb4_unicode_ci;

--
-- Dumping data for table `political_party`
--

INSERT INTO `political_party` (`id`, `name`, `party_id`, `party_initial`, `logo`, `created_at`, `updated_at`) VALUES
(12, 'NEW PATRIOTIC PARTY', 'NPP', 'N.P.P.', '12.jpg', '2023-02-22 22:45:38', '2023-02-22 22:45:38'),
(11, 'NATIONAL DEMOCRATIC CONGRESS', 'NDC', 'N.D.C.', '11.jpg', '2023-02-22 22:45:05', '2026-04-04 13:09:24');

-- --------------------------------------------------------

--
-- Table structure for table `pollingstation`
--

CREATE TABLE `pollingstation` (
  `id` int(10) UNSIGNED NOT NULL,
  `name` varchar(191) DEFAULT NULL,
  `country_id` varchar(191) DEFAULT NULL,
  `region_id` varchar(191) DEFAULT NULL,
  `constituency_id` varchar(191) DEFAULT NULL,
  `polling_station_id` varchar(191) DEFAULT NULL,
  `electoralarea_id` varchar(191) DEFAULT NULL,
  `created_at` timestamp NULL DEFAULT NULL,
  `updated_at` timestamp NULL DEFAULT NULL,
  `total_voters` varchar(191) DEFAULT NULL,
  `total_candidates` varchar(191) DEFAULT NULL
) ENGINE=MyISAM DEFAULT CHARSET=utf8mb4 COLLATE=utf8mb4_unicode_ci;

--
-- Dumping data for table `pollingstation`
--

INSERT INTO `pollingstation` (`id`, `name`, `country_id`, `region_id`, `constituency_id`, `polling_station_id`, `electoralarea_id`, `created_at`, `updated_at`, `total_voters`, `total_candidates`) VALUES
(258, 'Ahafo Ano South East Election Center', '1', '4', '9', 'K3YJX7', '124', '0000-00-00 00:00:00', '0000-00-00 00:00:00', '0', NULL),
(257, 'Kwabre West Election Center', '1', '4', '8', 'QYS4FP', '123', '0000-00-00 00:00:00', '0000-00-00 00:00:00', '0', NULL),
(181, 'Amenfi East Election Center', '1', '3', '99', 'NDC204', '47', '0000-00-00 00:00:00', '0000-00-00 00:00:00', '0', NULL),
(184, 'Aowin Election Center', '1', '3', '102', 'R228LJ', '50', '0000-00-00 00:00:00', '0000-00-00 00:00:00', '0', NULL),
(185, 'Suaman Election Center', '1', '3', '103', '7ZCHPF', '51', '0000-00-00 00:00:00', '0000-00-00 00:00:00', '0', NULL),
(186, 'Bibiani Election Center', '1', '3', '104', 'GH6T1O', '52', '0000-00-00 00:00:00', '0000-00-00 00:00:00', '0', NULL),
(187, 'Sefwi Wiawso Election Center', '1', '3', '105', 'LJ64WN', '53', '0000-00-00 00:00:00', '0000-00-00 00:00:00', '0', NULL),
(188, 'Sefwi Akontombra Election Center', '1', '3', '106', 'RJ6NB8', '54', '0000-00-00 00:00:00', '0000-00-00 00:00:00', '0', NULL),
(189, 'Juaboso Election Center', '1', '3', '107', '50CC89', '55', '0000-00-00 00:00:00', '0000-00-00 00:00:00', '0', NULL),
(190, 'Bodi Election Center', '1', '3', '108', 'F8EXNZ', '56', '0000-00-00 00:00:00', '0000-00-00 00:00:00', '0', NULL),
(191, 'Bia West Election Center', '1', '3', '109', 'QNVFY3', '57', '0000-00-00 00:00:00', '0000-00-00 00:00:00', '0', NULL),
(192, 'Bia East Election Center', '1', '3', '110', 'PXKQN6', '58', '0000-00-00 00:00:00', '0000-00-00 00:00:00', '0', NULL),
(193, 'Bortianor Election Center', '1', '1', '133', 'L63G1V', '59', '0000-00-00 00:00:00', '0000-00-00 00:00:00', '0', NULL),
(255, 'New Edubiase Election Center', '1', '4', '6', 'NP6ESJ', '121', '0000-00-00 00:00:00', '0000-00-00 00:00:00', '0', NULL),
(254, 'Fomena Election Center', '1', '4', '5', 'A3PK7D', '120', '0000-00-00 00:00:00', '0000-00-00 00:00:00', '0', NULL),
(253, 'Adansi Election Center', '1', '4', '4', 'GB143Q', '119', '0000-00-00 00:00:00', '0000-00-00 00:00:00', '0', NULL),
(252, 'Nkwanta North Election Center', '1', '10', '192', '5NG03L', '118', '0000-00-00 00:00:00', '0000-00-00 00:00:00', '0', NULL),
(251, 'Nkwanta South Election Center', '1', '10', '191', 'O3P7EI', '117', '0000-00-00 00:00:00', '0000-00-00 00:00:00', '0', NULL),
(250, 'Krachi Nchumuru Election Center', '1', '10', '190', 'D7IC3X', '116', '0000-00-00 00:00:00', '0000-00-00 00:00:00', '0', NULL),
(249, 'Krachi West Election Center', '1', '10', '189', '336J2Z', '115', '0000-00-00 00:00:00', '0000-00-00 00:00:00', '0', NULL),
(248, 'Krachi East Election Center', '1', '10', '188', 'ECFHYG', '114', '0000-00-00 00:00:00', '0000-00-00 00:00:00', '0', NULL),
(247, 'Akan Election Center', '1', '10', '187', 'GO7EDF', '113', '0000-00-00 00:00:00', '0000-00-00 00:00:00', '0', NULL),
(246, 'Biakoye Election Center', '1', '10', '186', '586KY1', '112', '0000-00-00 00:00:00', '0000-00-00 00:00:00', '0', NULL),
(245, 'Buem Election Center', '1', '10', '185', 'GWVDOO', '111', '0000-00-00 00:00:00', '0000-00-00 00:00:00', '0', NULL),
(244, 'Afadjato South Election Center', '1', '10', '184', '04UNLF', '110', '0000-00-00 00:00:00', '0000-00-00 00:00:00', '0', NULL),
(243, 'Hohoe Election Center', '1', '10', '183', 'KDCJKZ', '109', '0000-00-00 00:00:00', '0000-00-00 00:00:00', '0', NULL),
(242, 'North Dayi Election Center', '1', '10', '182', 'LTDLFO', '108', '0000-00-00 00:00:00', '0000-00-00 00:00:00', '0', NULL),
(241, 'Kpando Election Center', '1', '10', '180', 'B95FVE', '107', '0000-00-00 00:00:00', '0000-00-00 00:00:00', '0', NULL),
(240, 'South Dayi Election Center', '1', '10', '179', 'QJA2SI', '106', '0000-00-00 00:00:00', '0000-00-00 00:00:00', '0', NULL),
(239, 'Ho West Election Center', '1', '10', '178', 'YWO3ZA', '105', '0000-00-00 00:00:00', '0000-00-00 00:00:00', '0', NULL),
(238, 'Ho Central Election Center', '1', '10', '177', 'NO170Y', '104', '0000-00-00 00:00:00', '0000-00-00 00:00:00', '0', NULL),
(237, 'Agotime Election Center', '1', '10', '176', 'I3G4I1', '103', '0000-00-00 00:00:00', '0000-00-00 00:00:00', '0', NULL),
(236, 'Adaklu Election Center', '1', '10', '175', 'E2TR9Y', '102', '0000-00-00 00:00:00', '0000-00-00 00:00:00', '0', NULL),
(235, 'North Tongu Election Center', '1', '10', '174', 'KZ9ZWC', '101', '0000-00-00 00:00:00', '0000-00-00 00:00:00', '0', NULL),
(234, 'Central Tongu Election Center', '1', '10', '173', 'AXDM3N', '100', '0000-00-00 00:00:00', '0000-00-00 00:00:00', '0', NULL),
(233, 'South Tongu Election Center', '1', '10', '172', 'O5DWU7', '99', '0000-00-00 00:00:00', '0000-00-00 00:00:00', '0', NULL),
(232, 'Akatsi North Election Center', '1', '10', '171', '3OUHPG', '98', '0000-00-00 00:00:00', '0000-00-00 00:00:00', '0', NULL),
(231, 'Akatsi South Election Center', '1', '10', '170', 'VK4N2M', '97', '0000-00-00 00:00:00', '0000-00-00 00:00:00', '0', NULL),
(230, 'Ketu North Election Center', '1', '10', '169', '99UDPE', '96', '0000-00-00 00:00:00', '0000-00-00 00:00:00', '0', NULL),
(229, 'Ketu South Election Center', '1', '10', '168', '70CXXA', '95', '0000-00-00 00:00:00', '0000-00-00 00:00:00', '0', NULL),
(228, 'Anlo Election Center', '1', '10', '167', 'EDRXQ0', '94', '0000-00-00 00:00:00', '0000-00-00 00:00:00', '0', NULL),
(227, 'Keta Election Center', '1', '10', '166', '14HQFI', '93', '0000-00-00 00:00:00', '0000-00-00 00:00:00', '0', NULL),
(226, 'Ada Election Center', '1', '1', '165', '06DSI1', '92', '0000-00-00 00:00:00', '0000-00-00 00:00:00', '0', NULL),
(225, 'Sege Election Center', '1', '1', '164', 'RFKWQN', '91', '0000-00-00 00:00:00', '0000-00-00 00:00:00', '0', NULL),
(224, 'Ningo Prampram Election Center', '1', '1', '163', 'MDSERC', '90', '0000-00-00 00:00:00', '0000-00-00 00:00:00', '0', NULL),
(223, 'Shai-Osudoku Election Center', '1', '1', '162', 'RRA0GK', '89', '0000-00-00 00:00:00', '0000-00-00 00:00:00', '0', NULL),
(222, 'Adentan Election Center', '1', '1', '161', 'BJP69G', '88', '0000-00-00 00:00:00', '0000-00-00 00:00:00', '0', NULL),
(221, 'Ashaiman Election Center', '1', '1', '160', 'RNCUZY', '87', '0000-00-00 00:00:00', '0000-00-00 00:00:00', '0', NULL),
(220, 'Kpone Election Center', '1', '1', '159', '1GYR4X', '86', '0000-00-00 00:00:00', '0000-00-00 00:00:00', '0', NULL),
(219, 'Tema-West Election Center', '1', '1', '158', 'EAT0ZX', '85', '0000-00-00 00:00:00', '0000-00-00 00:00:00', '0', NULL),
(218, 'Tema-Central Election Center', '1', '1', '157', '4AW5V8', '84', '0000-00-00 00:00:00', '0000-00-00 00:00:00', '0', NULL),
(217, 'Tema-East Election Center', '1', '1', '156', 'J2Y2QJ', '83', '0000-00-00 00:00:00', '0000-00-00 00:00:00', '0', NULL),
(216, 'Krowor Election Center', '1', '1', '155', 'CJ930V', '82', '0000-00-00 00:00:00', '0000-00-00 00:00:00', '0', NULL),
(215, 'Ledzokuku Election Center', '1', '1', '154', 'K6J2JU', '81', '0000-00-00 00:00:00', '0000-00-00 00:00:00', '0', NULL),
(214, 'Dadekotopon Election Center', '1', '1', '153', 'ACD8DG', '80', '0000-00-00 00:00:00', '0000-00-00 00:00:00', '0', NULL),
(213, 'Korle Klottey Election Center', '1', '1', '152', '1BLJ40', '79', '0000-00-00 00:00:00', '0000-00-00 00:00:00', '0', NULL),
(212, 'Odododiodioo Election Center', '1', '1', '151', 'RNUMAT', '78', '0000-00-00 00:00:00', '0000-00-00 00:00:00', '0', NULL),
(211, 'Ablekuma West Election Center', '1', '1', '150', 'QRY5LP', '77', '0000-00-00 00:00:00', '0000-00-00 00:00:00', '0', NULL),
(210, 'Ablekuma South Election Center', '1', '1', '149', '45WTWX', '76', '0000-00-00 00:00:00', '0000-00-00 00:00:00', '0', NULL),
(209, 'Ablekuma Central Election Center', '1', '1', '148', 'ZKL7QO', '75', '0000-00-00 00:00:00', '0000-00-00 00:00:00', '0', NULL),
(208, 'Ablekuma North Election Center', '1', '1', '147', '4KEBYX', '74', '0000-00-00 00:00:00', '0000-00-00 00:00:00', '0', NULL),
(207, 'Okaikwei North Election Center', '1', '1', '146', 'XG051R', '73', '0000-00-00 00:00:00', '0000-00-00 00:00:00', '0', NULL),
(206, 'Okaikwei Central Election Center', '1', '1', '145', 'N68AOC', '72', '0000-00-00 00:00:00', '0000-00-00 00:00:00', '0', NULL),
(205, 'Okaikwei South Election Center', '1', '1', '144', 'XNJOIW', '71', '0000-00-00 00:00:00', '0000-00-00 00:00:00', '0', NULL),
(204, 'Ayawaso West Wuogon Election Center', '1', '1', '1', 'RAG1J1', '70', '0000-00-00 00:00:00', '0000-00-00 00:00:00', '0', NULL),
(203, 'Ayawaso Central Election Center', '1', '1', '143', '6OO8LT', '69', '0000-00-00 00:00:00', '0000-00-00 00:00:00', '0', NULL),
(202, 'Ayawaso North Election Center', '1', '1', '142', 'KUDRL6', '68', '0000-00-00 00:00:00', '0000-00-00 00:00:00', '0', NULL),
(201, 'Ayawaso East Election Center', '1', '1', '141', 'JP4J8I', '67', '0000-00-00 00:00:00', '0000-00-00 00:00:00', '0', NULL),
(200, 'Madina Election Center', '1', '1', '140', 'P69B34', '66', '0000-00-00 00:00:00', '0000-00-00 00:00:00', '0', NULL),
(199, 'Dome Election Center', '1', '1', '139', '8XFVFJ', '65', '0000-00-00 00:00:00', '0000-00-00 00:00:00', '0', NULL),
(197, 'Trobu Election Center', '1', '1', '137', '1L93EN', '63', '0000-00-00 00:00:00', '0000-00-00 00:00:00', '0', NULL),
(196, 'Anyaa Election Center', '1', '1', '136', 'ANASBN', '62', '0000-00-00 00:00:00', '0000-00-00 00:00:00', '0', NULL),
(195, 'Domeabra Election Center', '1', '1', '135', 'X9RSLN', '61', '0000-00-00 00:00:00', '0000-00-00 00:00:00', '0', NULL),
(194, 'Weija Election Center', '1', '1', '134', 'CTMYCV', '60', '0000-00-00 00:00:00', '0000-00-00 00:00:00', '0', NULL),
(182, 'Amenfi Central Election Center', '1', '3', '100', 'AHBDRT', '48', '0000-00-00 00:00:00', '0000-00-00 00:00:00', '0', NULL),
(180, 'Prestea Election Center', '1', '3', '98', 'XM73H1', '46', '0000-00-00 00:00:00', '0000-00-00 00:00:00', '0', NULL),
(179, 'Tarkwa Nsuaem Election Center', '1', '3', '97', 'JMSE31', '45', '0000-00-00 00:00:00', '0000-00-00 00:00:00', '0', NULL),
(178, 'Mpohor Election Center', '1', '3', '96', '7RREVJ', '44', '0000-00-00 00:00:00', '0000-00-00 00:00:00', '0', NULL),
(177, 'Wassa East Election Center', '1', '3', '95', '4MEJJV', '43', '0000-00-00 00:00:00', '0000-00-00 00:00:00', '0', NULL),
(176, 'Shama Election Center', '1', '3', '94', 'XDXGKV', '42', '0000-00-00 00:00:00', '0000-00-00 00:00:00', '0', NULL),
(175, 'Essikadu Election Center', '1', '3', '93', '5AQD1X', '41', '0000-00-00 00:00:00', '0000-00-00 00:00:00', '0', NULL),
(174, 'Sekondi Election Center', '1', '3', '92', 'ROX2QP', '40', '0000-00-00 00:00:00', '0000-00-00 00:00:00', '0', NULL),
(173, 'Kwesimintsim Election Center', '1', '3', '91', 'GD6UL3', '39', '0000-00-00 00:00:00', '0000-00-00 00:00:00', '0', NULL),
(172, 'Effia Election Center', '1', '3', '90', 'DGX1RU', '38', '0000-00-00 00:00:00', '0000-00-00 00:00:00', '0', NULL),
(171, 'Takoradi Election Center', '1', '3', '89', '8K94EP', '37', '0000-00-00 00:00:00', '0000-00-00 00:00:00', '0', NULL),
(170, 'Ahanta West Election Center', '1', '3', '88', 'YB2B6W', '36', '0000-00-00 00:00:00', '0000-00-00 00:00:00', '0', NULL),
(169, 'Evalue Election Center', '1', '3', '87', 'J40BIT', '35', '0000-00-00 00:00:00', '0000-00-00 00:00:00', '0', NULL),
(168, 'Ellembele Election Center', '1', '3', '86', 'DFJPVV', '34', '0000-00-00 00:00:00', '0000-00-00 00:00:00', '0', NULL),
(167, 'Upper Denkyira West Election Center', '1', '2', '131', 'SWSU2K', '33', '0000-00-00 00:00:00', '0000-00-00 00:00:00', '0', NULL),
(166, 'Upper Denkyira East Election Center', '1', '2', '130', 'MGH0VU', '32', '0000-00-00 00:00:00', '0000-00-00 00:00:00', '0', NULL),
(165, 'Hemang Lower Denkyira Election Center', '1', '2', '129', 'SP120C', '31', '0000-00-00 00:00:00', '0000-00-00 00:00:00', '0', NULL),
(164, 'Twifo Ati Morkwaa Election Center', '1', '2', '128', '305K7P', '30', '0000-00-00 00:00:00', '0000-00-00 00:00:00', '0', NULL),
(163, 'Assin South Election Center', '1', '2', '127', 'S65NUU', '29', '0000-00-00 00:00:00', '0000-00-00 00:00:00', '0', NULL),
(162, 'Assin North Election Center', '1', '2', '126', 'RTIOMW', '28', '0000-00-00 00:00:00', '0000-00-00 00:00:00', '0', NULL),
(161, 'Assin Central Election Center', '1', '2', '125', 'DXQN1M', '27', '0000-00-00 00:00:00', '0000-00-00 00:00:00', '0', NULL),
(160, 'Agona East Election Center', '1', '2', '124', '8IG48Y', '26', '0000-00-00 00:00:00', '0000-00-00 00:00:00', '0', NULL),
(159, 'Agona West Election Center', '1', '2', '123', 'PXQNQH', '25', '0000-00-00 00:00:00', '0000-00-00 00:00:00', '0', NULL),
(158, 'Effutu Election Center', '1', '2', '121', 'PHBY9D', '24', '0000-00-00 00:00:00', '0000-00-00 00:00:00', '0', NULL),
(157, 'Gomoa East Election Center', '1', '2', '120', 'K9N9KQ', '23', '0000-00-00 00:00:00', '0000-00-00 00:00:00', '0', NULL),
(156, 'Gomoa Central Election Center', '1', '2', '119', 'E3XWAB', '22', '0000-00-00 00:00:00', '0000-00-00 00:00:00', '0', NULL),
(155, 'Gomoa West Election Center', '1', '2', '118', 'FI9073', '21', '0000-00-00 00:00:00', '0000-00-00 00:00:00', '0', NULL),
(154, 'Ekumfi Election Center', '1', '2', '116', 'MAENRG', '20', '0000-00-00 00:00:00', '0000-00-00 00:00:00', '0', NULL),
(153, 'Mfantseman Election Center', '1', '2', '115', 'VWCYV6', '19', '0000-00-00 00:00:00', '0000-00-00 00:00:00', '0', NULL),
(152, 'Abura Election Center', '1', '2', '114', 'KQGNTW', '18', '0000-00-00 00:00:00', '0000-00-00 00:00:00', '0', NULL),
(151, 'Cape Coast North Election Center', '1', '2', '132', 'GXEBV8', '17', '0000-00-00 00:00:00', '0000-00-00 00:00:00', '0', NULL),
(150, 'Cape Coast South Election Center', '1', '2', '112', 'NAS474', '16', '0000-00-00 00:00:00', '0000-00-00 00:00:00', '0', NULL),
(149, 'KEEA Election Center', '1', '2', '111', 'H66PFB', '15', '0000-00-00 00:00:00', '0000-00-00 00:00:00', '0', NULL),
(148, 'Ajumako Election Center', '1', '2', '117', 'DZAPD8', '12', '0000-00-00 00:00:00', '0000-00-00 00:00:00', '0', NULL),
(146, 'Awutu East Election Center', '1', '2', '122', '257KXR', '14', '0000-00-00 00:00:00', '0000-00-00 00:00:00', '0', NULL),
(147, 'Awutu West Election Center', '1', '2', '3', '2CXY2Z', '13', '0000-00-00 00:00:00', '0000-00-00 00:00:00', '0', NULL),
(256, 'New Edubease Election Center', '1', '4', '7', '71Z60V', '122', '0000-00-00 00:00:00', '0000-00-00 00:00:00', '0', NULL),
(145, 'Jomoro Election Centre', '1', '3', '85', 'SJYUDJ', '11', '0000-00-00 00:00:00', '0000-00-00 00:00:00', '0', NULL),
(144, 'A.O.B Election Center', '1', '2', '2', 'FKKR94', '10', '0000-00-00 00:00:00', '2023-02-22 23:16:07', '100', NULL),
(259, 'Ahafo Ano South West Election Center', '1', '4', '10', '4IHA0Y', '125', '0000-00-00 00:00:00', '0000-00-00 00:00:00', '0', NULL),
(260, 'Odotobori Election Center', '1', '4', '11', 'SB3AEY', '126', '0000-00-00 00:00:00', '0000-00-00 00:00:00', '0', NULL),
(261, 'Amansie West Election Center', '1', '4', '12', '3NVEYM', '127', '0000-00-00 00:00:00', '0000-00-00 00:00:00', '0', NULL),
(262, 'Odotobri Election Center', '1', '4', '13', 'Z5DPFK', '128', '0000-00-00 00:00:00', '0000-00-00 00:00:00', '0', NULL),
(263, 'Manso Nkwanta Election Center', '1', '4', '14', 'V9Y5K1', '129', '0000-00-00 00:00:00', '0000-00-00 00:00:00', '0', NULL),
(264, 'Manso Adubia Election Center', '1', '4', '15', 'TJA6TS', '130', '0000-00-00 00:00:00', '0000-00-00 00:00:00', '0', NULL),
(265, 'Asante - Akim North Election Center', '1', '4', '16', 'HXKEQU', '131', '0000-00-00 00:00:00', '0000-00-00 00:00:00', '0', NULL),
(266, 'Asante - Akim Central Election Center', '1', '4', '17', 'WFTELS', '132', '0000-00-00 00:00:00', '0000-00-00 00:00:00', '0', NULL),
(267, 'Asante - Akim South Election Center', '1', '4', '18', 'VQRUS3', '133', '0000-00-00 00:00:00', '0000-00-00 00:00:00', '0', NULL),
(268, 'Atwima - Mponua Election Center', '1', '4', '19', 'KHPRMC', '134', '0000-00-00 00:00:00', '0000-00-00 00:00:00', '0', NULL),
(269, 'Atwima - Nwabiagya Election Center', '1', '4', '20', '0P459E', '135', '0000-00-00 00:00:00', '0000-00-00 00:00:00', '0', NULL),
(270, 'Atwima - Nwabiagya North Election Center', '1', '4', '21', 'ESW76D', '136', '0000-00-00 00:00:00', '0000-00-00 00:00:00', '0', NULL),
(271, 'Atwima - Nwabiagya South Election Center', '1', '4', '22', 'TSUXYL', '137', '0000-00-00 00:00:00', '0000-00-00 00:00:00', '0', NULL),
(272, 'Bekwai Election Center', '1', '4', '23', 'CQ5514', '138', '0000-00-00 00:00:00', '0000-00-00 00:00:00', '0', NULL),
(273, 'Bosome Election Center', '1', '4', '24', '5A8PPA', '139', '0000-00-00 00:00:00', '0000-00-00 00:00:00', '0', NULL),
(274, 'Bosomtwi Election Center', '1', '4', '25', 'ZAYYC4', '140', '0000-00-00 00:00:00', '0000-00-00 00:00:00', '0', NULL),
(275, 'Ejisu Election Center', '1', '4', '26', 'DYYCJ2', '141', '0000-00-00 00:00:00', '0000-00-00 00:00:00', '0', NULL),
(276, 'Juaben Election Center', '1', '4', '27', 'AGE05N', '142', '0000-00-00 00:00:00', '0000-00-00 00:00:00', '0', NULL),
(277, 'Ejura Election Center', '1', '4', '28', 'FSHNS0', '143', '0000-00-00 00:00:00', '0000-00-00 00:00:00', '0', NULL),
(278, 'Asokwa Election Center', '1', '4', '29', 'I0XZGO', '144', '0000-00-00 00:00:00', '0000-00-00 00:00:00', '0', NULL),
(279, 'Mampong Election Center', '1', '4', '30', '93IHZO', '145', '0000-00-00 00:00:00', '0000-00-00 00:00:00', '0', NULL),
(280, 'Bantama Election Center', '1', '4', '31', 'Q4Z0ZC', '146', '0000-00-00 00:00:00', '0000-00-00 00:00:00', '0', NULL),
(281, 'Nhyiaeso Election Center', '1', '4', '32', 'B3NJW0', '147', '0000-00-00 00:00:00', '0000-00-00 00:00:00', '0', NULL),
(282, 'Oforikrom Election Center', '1', '4', '33', '601M1Y', '148', '0000-00-00 00:00:00', '0000-00-00 00:00:00', '0', NULL),
(283, 'Old Tafo Election Center', '1', '4', '34', 'VYTO4B', '149', '0000-00-00 00:00:00', '0000-00-00 00:00:00', '0', NULL),
(284, 'Suame Election Center', '1', '4', '35', 'QUV9LX', '150', '0000-00-00 00:00:00', '0000-00-00 00:00:00', '0', NULL),
(285, 'Subin Election Center', '1', '4', '36', 'E1HWY4', '151', '0000-00-00 00:00:00', '0000-00-00 00:00:00', '0', NULL),
(286, 'Manhyia North Election Center', '1', '4', '37', 'EB7EYS', '152', '0000-00-00 00:00:00', '0000-00-00 00:00:00', '0', NULL),
(287, 'Manhyia South Election Center', '1', '4', '38', 'XO4R26', '153', '0000-00-00 00:00:00', '0000-00-00 00:00:00', '0', NULL),
(288, 'Kwadaso Election Center', '1', '4', '39', 'JX21KX', '154', '0000-00-00 00:00:00', '0000-00-00 00:00:00', '0', NULL),
(289, 'Kwabre East Election Center', '1', '4', '40', 'Y0PNCW', '155', '0000-00-00 00:00:00', '0000-00-00 00:00:00', '0', NULL),
(290, 'Akrofuom Election Center', '1', '4', '41', '6KPA7R', '156', '0000-00-00 00:00:00', '0000-00-00 00:00:00', '0', NULL),
(291, 'Obuasi Election Center', '1', '4', '42', 'Z0D7II', '157', '0000-00-00 00:00:00', '0000-00-00 00:00:00', '0', NULL),
(292, 'Obuasi East Election Center', '1', '4', '43', 'NK9C64', '158', '0000-00-00 00:00:00', '0000-00-00 00:00:00', '0', NULL),
(293, 'Kumawu Election Center', '1', '4', '45', '0ZUHLR', '159', '0000-00-00 00:00:00', '0000-00-00 00:00:00', '0', NULL),
(294, 'Sekyere Afram Plains Election Center', '1', '4', '46', 'KUFSL9', '160', '0000-00-00 00:00:00', '0000-00-00 00:00:00', '0', NULL),
(295, 'Nsuta Election Center', '1', '4', '47', '80LDT2', '161', '0000-00-00 00:00:00', '0000-00-00 00:00:00', '0', NULL),
(296, 'Afigya Sekyere East Election Center', '1', '4', '49', 'FZ3CZX', '162', '0000-00-00 00:00:00', '0000-00-00 00:00:00', '0', NULL),
(297, 'Effiduase - Asokore Election Center', '1', '4', '50', 'FJ5372', '163', '0000-00-00 00:00:00', '0000-00-00 00:00:00', '0', NULL),
(298, 'Offinso South Election Center', '1', '4', '51', 'ALGM4U', '164', '0000-00-00 00:00:00', '0000-00-00 00:00:00', '0', NULL),
(299, 'Offinso North Election Center', '1', '4', '52', '7PYARA', '165', '0000-00-00 00:00:00', '0000-00-00 00:00:00', '0', NULL),
(300, 'Asunafo North Election Center', '1', '8', '53', 'DQ8U0R', '166', '0000-00-00 00:00:00', '0000-00-00 00:00:00', '0', NULL),
(301, 'Asunafo South Election Center', '1', '8', '54', 'EAZ3R3', '167', '0000-00-00 00:00:00', '0000-00-00 00:00:00', '0', NULL),
(302, 'Banda Election Center', '1', '8', '56', 'L2UOPW', '168', '0000-00-00 00:00:00', '0000-00-00 00:00:00', '0', NULL),
(303, 'Berekum East Election Center', '1', '8', '59', 'NPHQ0L', '169', '0000-00-00 00:00:00', '0000-00-00 00:00:00', '0', NULL),
(304, 'Berekum West Election Center', '1', '8', '60', 'URO2Y1', '170', '0000-00-00 00:00:00', '0000-00-00 00:00:00', '0', NULL),
(305, 'Dormaa East Election Center', '1', '8', '61', 'EIV3OQ', '171', '0000-00-00 00:00:00', '0000-00-00 00:00:00', '0', NULL),
(306, 'Dormaa West Election Center', '1', '8', '62', '7DULD9', '172', '0000-00-00 00:00:00', '0000-00-00 00:00:00', '0', NULL),
(307, 'Dormaa Central Election Center', '1', '8', '63', 'JQ7AZW', '173', '0000-00-00 00:00:00', '0000-00-00 00:00:00', '0', NULL),
(308, 'Jaman North Election Center', '1', '8', '64', 'VRQ9FT', '174', '0000-00-00 00:00:00', '0000-00-00 00:00:00', '0', NULL),
(309, 'Jaman South Election Center', '1', '8', '65', 'O3EFR7', '175', '0000-00-00 00:00:00', '0000-00-00 00:00:00', '0', NULL),
(310, 'Kintampo North Election Center', '1', '8', '66', 'STMM5K', '176', '0000-00-00 00:00:00', '0000-00-00 00:00:00', '0', NULL),
(311, 'Kintampo South Election Center', '1', '8', '67', '27Z6C7', '177', '0000-00-00 00:00:00', '0000-00-00 00:00:00', '0', NULL),
(312, 'Nkoranza North Election Center', '1', '8', '68', 'ZZSJW4', '178', '0000-00-00 00:00:00', '0000-00-00 00:00:00', '0', NULL),
(313, 'Nkoranza South Election Center', '1', '8', '69', 'E4DX8S', '179', '0000-00-00 00:00:00', '0000-00-00 00:00:00', '0', NULL),
(314, 'Pru East Election Center', '1', '8', '70', 'GUXANG', '180', '0000-00-00 00:00:00', '0000-00-00 00:00:00', '0', NULL),
(315, 'Pru West Election Center', '1', '8', '71', 'ILDGVI', '181', '0000-00-00 00:00:00', '0000-00-00 00:00:00', '0', NULL),
(316, 'Sene East Election Center', '1', '8', '73', 'EN8RLN', '182', '0000-00-00 00:00:00', '0000-00-00 00:00:00', '0', NULL),
(317, 'Sene West Election Center', '1', '8', '74', 'XMQ0TW', '183', '0000-00-00 00:00:00', '0000-00-00 00:00:00', '0', NULL),
(318, 'Sunyani East Election Center', '1', '8', '75', '1ZANSL', '184', '0000-00-00 00:00:00', '0000-00-00 00:00:00', '0', NULL),
(319, 'Sunyani West Election Center', '1', '8', '76', 'RY31JA', '185', '0000-00-00 00:00:00', '0000-00-00 00:00:00', '0', NULL),
(320, 'Tain Election Center', '1', '8', '77', 'PP9D2F', '186', '0000-00-00 00:00:00', '0000-00-00 00:00:00', '0', NULL),
(321, 'Tano North Election Center', '1', '8', '78', '1D7LK6', '187', '0000-00-00 00:00:00', '0000-00-00 00:00:00', '0', NULL),
(322, 'Tano South Election Center', '1', '8', '79', '1NYEDO', '188', '0000-00-00 00:00:00', '0000-00-00 00:00:00', '0', NULL),
(323, 'Techiman North Election Center', '1', '8', '80', 'PIIAE4', '189', '0000-00-00 00:00:00', '0000-00-00 00:00:00', '0', NULL),
(324, 'Techiman South Election Center', '1', '8', '81', 'U06CDP', '190', '0000-00-00 00:00:00', '0000-00-00 00:00:00', '0', NULL),
(325, 'Wenchi Election Center', '1', '8', '82', 'SJ99BP', '191', '0000-00-00 00:00:00', '0000-00-00 00:00:00', '0', NULL),
(326, 'Asutifi South Election Center', '1', '8', '83', 'RKSC84', '192', '0000-00-00 00:00:00', '0000-00-00 00:00:00', '0', NULL),
(327, 'Asutifi North Election Center', '1', '8', '84', 'BEVVL7', '193', '0000-00-00 00:00:00', '0000-00-00 00:00:00', '0', NULL),
(328, 'Bole/Bamboi Election Center', '1', '7', '193', 'YRT4OX', '194', '0000-00-00 00:00:00', '0000-00-00 00:00:00', '0', NULL),
(329, 'Sawla Tuna Kalba Election Center', '1', '7', '194', '8FJXSA', '195', '0000-00-00 00:00:00', '0000-00-00 00:00:00', '0', NULL),
(330, 'Damongo Election Center', '1', '7', '195', 'O1C26Q', '196', '0000-00-00 00:00:00', '0000-00-00 00:00:00', '0', NULL),
(331, 'Daboya/Mankarigu Election Center', '1', '7', '196', '8UR6GQ', '197', '0000-00-00 00:00:00', '0000-00-00 00:00:00', '0', NULL),
(332, 'Yapei-Kusawgu Election Center', '1', '7', '197', 'BC5AA0', '198', '0000-00-00 00:00:00', '0000-00-00 00:00:00', '0', NULL),
(333, 'Salaga South Election Center', '1', '7', '198', 'F6MQDE', '199', '0000-00-00 00:00:00', '0000-00-00 00:00:00', '0', NULL),
(334, 'Salaga North Election Center', '1', '7', '199', '4IO9VX', '200', '0000-00-00 00:00:00', '0000-00-00 00:00:00', '0', NULL),
(335, 'Bimbilla Election Center', '1', '7', '200', 'FZ0NMD', '201', '0000-00-00 00:00:00', '0000-00-00 00:00:00', '0', NULL),
(336, 'Kpandai Election Center', '1', '7', '201', 'DWPK7E', '202', '0000-00-00 00:00:00', '0000-00-00 00:00:00', '0', NULL),
(337, 'Wulensi Election Center', '1', '7', '202', 'TNNYYR', '203', '0000-00-00 00:00:00', '0000-00-00 00:00:00', '0', NULL),
(338, 'Zabzugu Election Center', '1', '7', '203', 'EC01JD', '204', '0000-00-00 00:00:00', '0000-00-00 00:00:00', '0', NULL),
(339, 'Tatale/Sanguli Election Center', '1', '7', '204', '8X5ZR7', '205', '0000-00-00 00:00:00', '0000-00-00 00:00:00', '0', NULL),
(340, 'Yendi Election Center', '1', '7', '205', '3IB38E', '206', '0000-00-00 00:00:00', '0000-00-00 00:00:00', '0', NULL),
(341, 'Mion Election Center', '1', '7', '206', 'UZESIK', '207', '0000-00-00 00:00:00', '0000-00-00 00:00:00', '0', NULL),
(342, 'Saboba Election Center', '1', '7', '207', '24RG62', '208', '0000-00-00 00:00:00', '0000-00-00 00:00:00', '0', NULL),
(343, 'Chereponi Election Center', '1', '7', '208', 'V5W4B6', '209', '0000-00-00 00:00:00', '0000-00-00 00:00:00', '0', NULL),
(344, 'Gushegu Election Center', '1', '7', '209', 'SRDUGM', '210', '0000-00-00 00:00:00', '0000-00-00 00:00:00', '0', NULL),
(345, 'Karaga Election Center', '1', '7', '210', '85FD17', '211', '0000-00-00 00:00:00', '0000-00-00 00:00:00', '0', NULL),
(346, 'Savelugu Election Center', '1', '7', '211', 'JGPB36', '212', '0000-00-00 00:00:00', '0000-00-00 00:00:00', '0', NULL),
(347, 'Nanton Election Center', '1', '7', '212', 'J3EUGA', '213', '0000-00-00 00:00:00', '0000-00-00 00:00:00', '0', NULL),
(348, 'Tamale South Election Center', '1', '7', '213', '26JEGK', '214', '0000-00-00 00:00:00', '0000-00-00 00:00:00', '0', NULL),
(349, 'Tamale Central Election Center', '1', '7', '214', 'KRJA8D', '215', '0000-00-00 00:00:00', '0000-00-00 00:00:00', '0', NULL),
(350, 'Sagnarigu Election Center', '1', '7', '215', 'EV2WCI', '216', '0000-00-00 00:00:00', '0000-00-00 00:00:00', '0', NULL),
(351, 'Tamale North Election Center', '1', '7', '216', 'RLWQ10', '217', '0000-00-00 00:00:00', '0000-00-00 00:00:00', '0', NULL),
(352, 'Tolon Election Center', '1', '7', '217', 'ZSLQCB', '218', '0000-00-00 00:00:00', '0000-00-00 00:00:00', '0', NULL),
(353, 'Kumbungu Election Center', '1', '7', '218', '2Y3I23', '219', '0000-00-00 00:00:00', '0000-00-00 00:00:00', '0', NULL),
(354, 'Walewale Election Center', '1', '7', '219', 'FQYHBY', '220', '0000-00-00 00:00:00', '0000-00-00 00:00:00', '0', NULL),
(355, 'Yagaba/Kubori Election Center', '1', '7', '220', 'FYVNWH', '221', '0000-00-00 00:00:00', '0000-00-00 00:00:00', '0', NULL),
(356, 'Nalerigu/Gambaga Election Center', '1', '7', '221', 'BVBOQ2', '222', '0000-00-00 00:00:00', '0000-00-00 00:00:00', '0', NULL),
(357, 'Bunkpurugu Election Center', '1', '7', '222', 'S87O8K', '223', '0000-00-00 00:00:00', '0000-00-00 00:00:00', '0', NULL),
(358, 'Yunyoo Election Center', '1', '7', '223', '3DB7T1', '224', '0000-00-00 00:00:00', '0000-00-00 00:00:00', '0', NULL),
(359, 'Atebubu/Amantin Election Center', '1', '8', '224', '1M0TBB', '225', '0000-00-00 00:00:00', '0000-00-00 00:00:00', '0', NULL),
(360, 'Asuogyaman Election Center', '1', '9', '225', 'AZWXBX', '226', '0000-00-00 00:00:00', '0000-00-00 00:00:00', '0', NULL),
(361, 'Lower Manya Krobo Election Center', '1', '9', '226', 'BIHNF8', '227', '0000-00-00 00:00:00', '0000-00-00 00:00:00', '0', NULL),
(362, 'Upper Manya Krobo Election Center', '1', '9', '227', 'DNBB64', '228', '0000-00-00 00:00:00', '0000-00-00 00:00:00', '0', NULL),
(363, 'Yilo Krobo Election Center', '1', '9', '228', 'GCB15T', '229', '0000-00-00 00:00:00', '0000-00-00 00:00:00', '0', NULL),
(364, 'New Juaben South Election Center', '1', '9', '229', '2ETCCP', '230', '0000-00-00 00:00:00', '0000-00-00 00:00:00', '0', NULL),
(365, 'New Juaben North Election Center', '1', '9', '230', 'PKWLHH', '231', '0000-00-00 00:00:00', '0000-00-00 00:00:00', '0', NULL),
(366, 'Akropong Election Center', '1', '9', '231', 'OOX7DQ', '232', '0000-00-00 00:00:00', '0000-00-00 00:00:00', '0', NULL),
(367, 'Okere Election Center', '1', '9', '232', 'XBR9GL', '233', '0000-00-00 00:00:00', '0000-00-00 00:00:00', '0', NULL),
(368, 'Akuapem South Election Center', '1', '9', '233', 'DIO1TY', '234', '0000-00-00 00:00:00', '0000-00-00 00:00:00', '0', NULL),
(369, 'Nsawam/Adoagyiri Election Center', '1', '9', '234', '0PEDHV', '235', '0000-00-00 00:00:00', '0000-00-00 00:00:00', '0', NULL),
(370, 'Suhum Election Center', '1', '9', '235', 'Q57KOU', '236', '0000-00-00 00:00:00', '0000-00-00 00:00:00', '0', NULL),
(371, 'Ayensuano Election Center', '1', '9', '236', 'EFG16K', '237', '0000-00-00 00:00:00', '0000-00-00 00:00:00', '0', NULL),
(372, 'Lower West Akim Election Center', '1', '9', '237', '3CTI5A', '238', '0000-00-00 00:00:00', '0000-00-00 00:00:00', '0', NULL),
(373, 'Upper West Akim Election Center', '1', '9', '238', 'U56QNT', '239', '0000-00-00 00:00:00', '0000-00-00 00:00:00', '0', NULL),
(374, 'Akim Oda Election Center', '1', '9', '239', '6E2O4Y', '240', '0000-00-00 00:00:00', '0000-00-00 00:00:00', '0', NULL),
(375, 'Asene/Akroso/Manso Election Center', '1', '9', '240', 'QFJAVJ', '241', '0000-00-00 00:00:00', '0000-00-00 00:00:00', '0', NULL),
(376, 'Akim Swedru Election Center', '1', '9', '241', '15MLB4', '242', '0000-00-00 00:00:00', '0000-00-00 00:00:00', '0', NULL),
(377, 'Ofoasi/Ayirebi Election Center', '1', '9', '242', '7NWNA7', '243', '0000-00-00 00:00:00', '0000-00-00 00:00:00', '0', NULL),
(378, 'Kade Election Center', '1', '9', '243', 'YDVAEC', '244', '0000-00-00 00:00:00', '0000-00-00 00:00:00', '0', NULL),
(379, 'Akwatia Election Center', '1', '9', '244', 'V1842E', '245', '0000-00-00 00:00:00', '0000-00-00 00:00:00', '0', NULL),
(380, 'Abirem Election Center', '1', '9', '245', 'UX62VW', '246', '0000-00-00 00:00:00', '0000-00-00 00:00:00', '0', NULL),
(381, 'Abuakwa South Election Center', '1', '9', '246', 'MINAZ4', '247', '0000-00-00 00:00:00', '0000-00-00 00:00:00', '0', NULL),
(382, 'Abuakwa North Election Center', '1', '9', '247', 'H3VOB1', '248', '0000-00-00 00:00:00', '0000-00-00 00:00:00', '0', NULL),
(383, 'Atiwa West Election Center', '1', '9', '248', 'E74HUW', '249', '0000-00-00 00:00:00', '0000-00-00 00:00:00', '0', NULL),
(384, 'Atiwa East Election Center', '1', '9', '249', 'EBL2ZO', '250', '0000-00-00 00:00:00', '0000-00-00 00:00:00', '0', NULL),
(385, 'Fanteakwa South Election Center', '1', '9', '250', '793VLW', '251', '0000-00-00 00:00:00', '0000-00-00 00:00:00', '0', NULL),
(386, 'Fanteakwa North Election Center', '1', '9', '251', '52A3GC', '252', '0000-00-00 00:00:00', '0000-00-00 00:00:00', '0', NULL),
(387, 'Nkawkaw Election Center', '1', '9', '252', 'ITR63Y', '253', '0000-00-00 00:00:00', '0000-00-00 00:00:00', '0', NULL),
(388, 'Mpraeso Election Center', '1', '9', '253', 'RHJXOU', '254', '0000-00-00 00:00:00', '0000-00-00 00:00:00', '0', NULL),
(389, 'Abetifi Election Center', '1', '9', '254', 'NW4WZS', '255', '0000-00-00 00:00:00', '0000-00-00 00:00:00', '0', NULL),
(390, 'Afram Plains North Election Center', '1', '9', '255', 'RHTGUX', '256', '0000-00-00 00:00:00', '0000-00-00 00:00:00', '0', NULL),
(391, 'Afram Plains South Election Center', '1', '9', '256', 'J8565B', '257', '0000-00-00 00:00:00', '0000-00-00 00:00:00', '0', NULL),
(392, 'Achiase Election Center', '1', '9', '257', '9OCQL1', '258', '0000-00-00 00:00:00', '0000-00-00 00:00:00', '0', NULL),
(393, 'Builsa South Election Center', '1', '5', '258', 'JLAUQY', '259', '0000-00-00 00:00:00', '0000-00-00 00:00:00', '0', NULL),
(394, 'Builsa North Election Center', '1', '5', '259', 'GO6A3E', '260', '0000-00-00 00:00:00', '0000-00-00 00:00:00', '0', NULL),
(395, 'Navrongo Central Election Center', '1', '5', '260', 'R6BP0C', '261', '0000-00-00 00:00:00', '0000-00-00 00:00:00', '0', NULL),
(396, 'Chiana/Paga Election Center', '1', '5', '261', '0IJO6V', '262', '0000-00-00 00:00:00', '0000-00-00 00:00:00', '0', NULL),
(397, 'Bolgatanga Central Election Center', '1', '5', '262', 'VIDZVQ', '263', '0000-00-00 00:00:00', '0000-00-00 00:00:00', '0', NULL),
(398, 'Bolgatanga East Election Center', '1', '5', '263', 'VTN64M', '264', '0000-00-00 00:00:00', '0000-00-00 00:00:00', '0', NULL),
(399, 'Bongo Election Center', '1', '5', '264', 'SEQCDA', '265', '0000-00-00 00:00:00', '0000-00-00 00:00:00', '0', NULL),
(400, 'Talensi Election Center', '1', '5', '265', 'BKQ3OB', '266', '0000-00-00 00:00:00', '0000-00-00 00:00:00', '0', NULL),
(401, 'Nabdam Election Center', '1', '5', '266', 'W2ADDC', '267', '0000-00-00 00:00:00', '0000-00-00 00:00:00', '0', NULL),
(402, 'Zebilla Election Center', '1', '5', '267', 'Q5S371', '268', '0000-00-00 00:00:00', '0000-00-00 00:00:00', '0', NULL),
(403, 'Bawku Central Election Center', '1', '5', '268', 'REO4DK', '269', '0000-00-00 00:00:00', '0000-00-00 00:00:00', '0', NULL),
(404, 'Pusiga Election Center', '1', '5', '269', 'DER9FP', '270', '0000-00-00 00:00:00', '0000-00-00 00:00:00', '0', NULL),
(405, 'Garu Election Center', '1', '5', '270', 'ZZG9O3', '271', '0000-00-00 00:00:00', '0000-00-00 00:00:00', '0', NULL),
(406, 'Tempane Election Center', '1', '5', '271', '1W7VDH', '272', '0000-00-00 00:00:00', '0000-00-00 00:00:00', '0', NULL),
(407, 'Binduri Election Center', '1', '5', '272', '3WNAXM', '273', '0000-00-00 00:00:00', '0000-00-00 00:00:00', '0', NULL),
(408, 'Wa Central Election Center', '1', '6', '273', '1HWS38', '274', '0000-00-00 00:00:00', '0000-00-00 00:00:00', '0', NULL),
(409, 'Wa West Election Center', '1', '6', '274', '7H11QT', '275', '0000-00-00 00:00:00', '0000-00-00 00:00:00', '0', NULL),
(410, 'Wa East Election Center', '1', '6', '275', 'BFYMVH', '276', '0000-00-00 00:00:00', '0000-00-00 00:00:00', '0', NULL),
(411, 'Nadowli/Kaleo Election Center', '1', '6', '276', 'HOZWRD', '277', '0000-00-00 00:00:00', '0000-00-00 00:00:00', '0', NULL),
(412, 'Daffiama/Bussie/Issa Election Center', '1', '6', '277', 'KLXL3W', '278', '0000-00-00 00:00:00', '0000-00-00 00:00:00', '0', NULL),
(413, 'Jirapa Election Center', '1', '6', '278', 'QRSEYX', '279', '0000-00-00 00:00:00', '0000-00-00 00:00:00', '0', NULL),
(414, 'Lambussie-Karni Election Center', '1', '6', '279', 'N4AYCD', '280', '0000-00-00 00:00:00', '0000-00-00 00:00:00', '0', NULL),
(415, 'Lawra Election Center', '1', '6', '280', 'XXQHHD', '281', '0000-00-00 00:00:00', '0000-00-00 00:00:00', '0', NULL),
(416, 'Nandom Election Center', '1', '6', '281', 'IC0KKU', '282', '0000-00-00 00:00:00', '0000-00-00 00:00:00', '0', NULL),
(417, 'Sissala West Election Center', '1', '6', '282', 'J43I90', '283', '0000-00-00 00:00:00', '0000-00-00 00:00:00', '0', NULL),
(418, 'Sissala East Election Center', '1', '6', '283', 'ZD095W', '284', '0000-00-00 00:00:00', '0000-00-00 00:00:00', '0', NULL);

-- --------------------------------------------------------

--
-- Table structure for table `region`
--

CREATE TABLE `region` (
  `id` int(10) UNSIGNED NOT NULL,
  `name` varchar(191) DEFAULT NULL,
  `country_id` varchar(191) DEFAULT NULL,
  `created_at` timestamp NULL DEFAULT NULL,
  `updated_at` timestamp NULL DEFAULT NULL
) ENGINE=MyISAM DEFAULT CHARSET=utf8mb4 COLLATE=utf8mb4_unicode_ci;

--
-- Dumping data for table `region`
--

INSERT INTO `region` (`id`, `name`, `country_id`, `created_at`, `updated_at`) VALUES
(1, 'Greater Accra', '1', '2018-12-26 22:45:08', '2018-12-26 22:45:08'),
(2, 'Central', '1', '2018-12-26 23:00:48', '2018-12-26 23:00:48'),
(3, 'Western', '1', '2018-12-30 17:55:15', '2018-12-30 17:55:15'),
(4, 'Ashanti', '1', '2018-12-30 17:55:22', '2018-12-30 17:55:22'),
(5, 'Upper East', '1', '2018-12-30 17:55:37', '2018-12-30 17:55:37'),
(6, 'Upper West', '1', '2018-12-30 17:55:45', '2018-12-30 17:55:45'),
(7, 'Northern', '1', '2018-12-30 17:56:02', '2018-12-30 17:56:02'),
(8, 'Brong Ahafo', '1', '2018-12-30 17:56:11', '2018-12-30 17:56:11'),
(9, 'Eastern', '1', '2018-12-30 17:57:25', '2018-12-30 17:57:25'),
(10, 'Volta', '1', '2018-12-30 17:57:34', '2018-12-30 17:57:34');

-- --------------------------------------------------------

--
-- Table structure for table `site_settings`
--

CREATE TABLE `site_settings` (
  `id` int(10) UNSIGNED NOT NULL,
  `key` text DEFAULT NULL,
  `value` text DEFAULT NULL,
  `created_at` timestamp NULL DEFAULT NULL,
  `updated_at` timestamp NULL DEFAULT NULL
) ENGINE=MyISAM DEFAULT CHARSET=utf8mb4 COLLATE=utf8mb4_unicode_ci;

-- --------------------------------------------------------

--
-- Table structure for table `super_admin`
--

CREATE TABLE `super_admin` (
  `id` int(10) UNSIGNED NOT NULL,
  `name` varchar(191) NOT NULL,
  `email` varchar(191) NOT NULL,
  `email_verified_at` timestamp NULL DEFAULT NULL,
  `password` varchar(191) NOT NULL,
  `remember_token` varchar(100) DEFAULT NULL,
  `created_at` timestamp NULL DEFAULT NULL,
  `updated_at` timestamp NULL DEFAULT NULL
) ENGINE=MyISAM DEFAULT CHARSET=utf8mb4 COLLATE=utf8mb4_unicode_ci;

--
-- Dumping data for table `super_admin`
--

INSERT INTO `super_admin` (`id`, `name`, `email`, `email_verified_at`, `password`, `remember_token`, `created_at`, `updated_at`) VALUES
(1, 'Don Holmes', 'donholmes@gmail.com', '2018-11-07 06:00:00', '$2y$10$Xm4NjtDjiUVOmqbjvRPfXO08Rkgrx7aVz5xJZLbdo3E9aMVEi0Iya', 'sl7dJq3JmWPX341rjTzPHsqvbUwZZX8PPCGNcpDnt9EtakoTBbghSlTu7Jak', '2018-11-20 06:00:00', '2026-04-04 13:04:01'),
(2, 'Ekow Mensah', 'ekowme@gmail.com', NULL, '$2a$12$jYhe7EK3Efs8V7Tn/V9PduqDIZ2YqHJVOGsPV4oAGDXJo/AocMuAq', 'Py1O8YqIu6hBsiNrIadV4jc3pgjG4ZUJHRVeHMW6emO5hTLwc4pJlZc8UxxE', '2018-11-07 06:00:00', '2018-11-20 06:00:00');

-- --------------------------------------------------------

--
-- Table structure for table `users`
--

CREATE TABLE `users` (
  `id` int(10) UNSIGNED NOT NULL,
  `name` varchar(191) NOT NULL,
  `email` varchar(191) NOT NULL,
  `email_verified_at` timestamp NULL DEFAULT NULL,
  `password` varchar(191) NOT NULL,
  `remember_token` varchar(100) DEFAULT NULL,
  `created_at` timestamp NULL DEFAULT NULL,
  `updated_at` timestamp NULL DEFAULT NULL,
  `user_type_id` int(10) UNSIGNED NOT NULL,
  `phoneno` varchar(191) DEFAULT NULL,
  `constituency` varchar(191) DEFAULT NULL,
  `gender` varchar(191) DEFAULT NULL,
  `username` varchar(191) DEFAULT NULL,
  `country_id` varchar(191) DEFAULT NULL,
  `region_id` varchar(191) DEFAULT NULL,
  `constituency_id` varchar(191) DEFAULT NULL,
  `polling_station_id` varchar(191) DEFAULT NULL,
  `electoralarea_id` varchar(191) DEFAULT NULL,
  `added_by` varchar(191) DEFAULT NULL,
  `secret` varchar(191) DEFAULT NULL,
  `photo` varchar(191) DEFAULT NULL
) ENGINE=MyISAM DEFAULT CHARSET=utf8mb4 COLLATE=utf8mb4_unicode_ci;

--
-- Dumping data for table `users`
--

INSERT INTO `users` (`id`, `name`, `email`, `email_verified_at`, `password`, `remember_token`, `created_at`, `updated_at`, `user_type_id`, `phoneno`, `constituency`, `gender`, `username`, `country_id`, `region_id`, `constituency_id`, `polling_station_id`, `electoralarea_id`, `added_by`, `secret`, `photo`) VALUES
(30, 'Paa Kow Mensah', 'ekowmeee@gmail.com', NULL, '$2y$10$H6zIvFf9quFxp2h1JpKwM.rZLfX5pt1Bn2fPNwPr3xq1.GkqBeKS2', NULL, '2023-02-22 23:27:32', '2026-04-04 14:26:26', 2, '1818181818', NULL, 'male', '1234567899', '1', '2', NULL, NULL, NULL, NULL, NULL, '30.jpg'),
(31, 'ekow', 'ekowmme@gmail.com', NULL, '$2a$12$jYhe7EK3Efs8V7Tn/V9PduqDIZ2YqHJVOGsPV4oAGDXJo/AocMuAq', 'OXaNr9aGfey4WYALzhK99Nw125yFlOWrYTGXriRwP2pw0f1jJZFZmjUeDxGk', '2023-03-27 06:37:43', '2023-03-27 06:37:43', 1, '0545644749', NULL, 'male', '1234567890', '1', NULL, NULL, NULL, NULL, NULL, NULL, NULL),
(29, 'Paa Kow Mensah', 'pakomensah@gmail.com', NULL, '$2y$10$zlRnsGjaR0Nwr7OFb1tw9OLfETtR91cUZG9bExGcwd1yoskYMTcLq', 'JRbxeemkNxLayAq0ocB7p31rmp3PBEfQ1WiAZjwkVWZ3gjk5WbFdGZxKz9Qs', '2023-02-22 23:18:34', '2024-04-29 12:07:03', 3, '0545644728', NULL, 'female', '0242109740', '1', '2', '2', NULL, NULL, NULL, NULL, '29.png'),
(28, 'Paa Kow Mensah', 'pakowmensah@gmail.com', NULL, '$2a$12$1HMawd3/AVN8NmB.Ic3a.u50uyC4Wy.wsJDCJDR4dHwz5cUR0rcDq', 'pamruL0DmDWdcsp21Thb2eOiMwsimklkg7YWRza53alBrRFnOFRqQipE1T9a', NULL, '2023-02-22 23:14:39', 5, '0242109740', '1', 'male', '0545644749', '1', '2', '2', '144', '10', NULL, NULL, '28.png');

-- --------------------------------------------------------

--
-- Table structure for table `user_type`
--

CREATE TABLE `user_type` (
  `id` int(10) UNSIGNED NOT NULL,
  `name` varchar(191) DEFAULT NULL,
  `created_at` timestamp NULL DEFAULT NULL,
  `updated_at` timestamp NULL DEFAULT NULL,
  `parent` varchar(191) NOT NULL
) ENGINE=MyISAM DEFAULT CHARSET=utf8mb4 COLLATE=utf8mb4_unicode_ci;

--
-- Dumping data for table `user_type`
--

INSERT INTO `user_type` (`id`, `name`, `created_at`, `updated_at`, `parent`) VALUES
(1, 'National Director', '2018-11-25 18:18:12', '2018-11-25 18:18:12', '0'),
(2, 'Regional Director', '2018-11-25 18:18:25', '2018-11-25 18:18:25', '1'),
(3, 'Constituency Director', '2018-11-25 18:18:44', '2018-11-26 00:53:15', '2'),
(5, 'Polling Agent', '2018-11-25 18:19:37', '2018-11-25 20:40:17', '3');

--
-- Indexes for dumped tables
--

--
-- Indexes for table `candidates`
--
ALTER TABLE `candidates`
  ADD PRIMARY KEY (`id`);

--
-- Indexes for table `constituency`
--
ALTER TABLE `constituency`
  ADD PRIMARY KEY (`id`);

--
-- Indexes for table `countries`
--
ALTER TABLE `countries`
  ADD PRIMARY KEY (`id`);

--
-- Indexes for table `election_result`
--
ALTER TABLE `election_result`
  ADD PRIMARY KEY (`id`);

--
-- Indexes for table `election_startup_detail`
--
ALTER TABLE `election_startup_detail`
  ADD PRIMARY KEY (`id`);

--
-- Indexes for table `election_type`
--
ALTER TABLE `election_type`
  ADD PRIMARY KEY (`id`);

--
-- Indexes for table `electoralarea`
--
ALTER TABLE `electoralarea`
  ADD PRIMARY KEY (`id`);

--
-- Indexes for table `message_process`
--
ALTER TABLE `message_process`
  ADD PRIMARY KEY (`id`),
  ADD KEY `message_process_phone_index` (`phone`);

--
-- Indexes for table `migrations`
--
ALTER TABLE `migrations`
  ADD PRIMARY KEY (`id`);

--
-- Indexes for table `party_election_result`
--
ALTER TABLE `party_election_result`
  ADD PRIMARY KEY (`id`);

--
-- Indexes for table `password_resets`
--
ALTER TABLE `password_resets`
  ADD KEY `password_resets_email_index` (`email`);

--
-- Indexes for table `political_party`
--
ALTER TABLE `political_party`
  ADD PRIMARY KEY (`id`);

--
-- Indexes for table `pollingstation`
--
ALTER TABLE `pollingstation`
  ADD PRIMARY KEY (`id`);

--
-- Indexes for table `region`
--
ALTER TABLE `region`
  ADD PRIMARY KEY (`id`);

--
-- Indexes for table `site_settings`
--
ALTER TABLE `site_settings`
  ADD PRIMARY KEY (`id`);

--
-- Indexes for table `super_admin`
--
ALTER TABLE `super_admin`
  ADD PRIMARY KEY (`id`),
  ADD UNIQUE KEY `super_admin_email_unique` (`email`);

--
-- Indexes for table `users`
--
ALTER TABLE `users`
  ADD PRIMARY KEY (`id`),
  ADD UNIQUE KEY `users_email_unique` (`email`),
  ADD KEY `users_user_type_id_foreign` (`user_type_id`);

--
-- Indexes for table `user_type`
--
ALTER TABLE `user_type`
  ADD PRIMARY KEY (`id`);

--
-- AUTO_INCREMENT for dumped tables
--

--
-- AUTO_INCREMENT for table `candidates`
--
ALTER TABLE `candidates`
  MODIFY `id` int(10) UNSIGNED NOT NULL AUTO_INCREMENT, AUTO_INCREMENT=40;

--
-- AUTO_INCREMENT for table `constituency`
--
ALTER TABLE `constituency`
  MODIFY `id` int(10) UNSIGNED NOT NULL AUTO_INCREMENT, AUTO_INCREMENT=284;

--
-- AUTO_INCREMENT for table `countries`
--
ALTER TABLE `countries`
  MODIFY `id` int(10) UNSIGNED NOT NULL AUTO_INCREMENT, AUTO_INCREMENT=2;

--
-- AUTO_INCREMENT for table `election_result`
--
ALTER TABLE `election_result`
  MODIFY `id` int(10) UNSIGNED NOT NULL AUTO_INCREMENT, AUTO_INCREMENT=107;

--
-- AUTO_INCREMENT for table `election_startup_detail`
--
ALTER TABLE `election_startup_detail`
  MODIFY `id` int(10) UNSIGNED NOT NULL AUTO_INCREMENT, AUTO_INCREMENT=18;

--
-- AUTO_INCREMENT for table `election_type`
--
ALTER TABLE `election_type`
  MODIFY `id` int(10) UNSIGNED NOT NULL AUTO_INCREMENT, AUTO_INCREMENT=5;

--
-- AUTO_INCREMENT for table `electoralarea`
--
ALTER TABLE `electoralarea`
  MODIFY `id` int(10) UNSIGNED NOT NULL AUTO_INCREMENT, AUTO_INCREMENT=286;

--
-- AUTO_INCREMENT for table `message_process`
--
ALTER TABLE `message_process`
  MODIFY `id` int(10) UNSIGNED NOT NULL AUTO_INCREMENT, AUTO_INCREMENT=54;

--
-- AUTO_INCREMENT for table `migrations`
--
ALTER TABLE `migrations`
  MODIFY `id` int(10) UNSIGNED NOT NULL AUTO_INCREMENT, AUTO_INCREMENT=46;

--
-- AUTO_INCREMENT for table `party_election_result`
--
ALTER TABLE `party_election_result`
  MODIFY `id` int(10) UNSIGNED NOT NULL AUTO_INCREMENT, AUTO_INCREMENT=304;

--
-- AUTO_INCREMENT for table `political_party`
--
ALTER TABLE `political_party`
  MODIFY `id` int(10) UNSIGNED NOT NULL AUTO_INCREMENT, AUTO_INCREMENT=13;

--
-- AUTO_INCREMENT for table `pollingstation`
--
ALTER TABLE `pollingstation`
  MODIFY `id` int(10) UNSIGNED NOT NULL AUTO_INCREMENT, AUTO_INCREMENT=420;

--
-- AUTO_INCREMENT for table `region`
--
ALTER TABLE `region`
  MODIFY `id` int(10) UNSIGNED NOT NULL AUTO_INCREMENT, AUTO_INCREMENT=11;

--
-- AUTO_INCREMENT for table `site_settings`
--
ALTER TABLE `site_settings`
  MODIFY `id` int(10) UNSIGNED NOT NULL AUTO_INCREMENT;

--
-- AUTO_INCREMENT for table `super_admin`
--
ALTER TABLE `super_admin`
  MODIFY `id` int(10) UNSIGNED NOT NULL AUTO_INCREMENT, AUTO_INCREMENT=4;

--
-- AUTO_INCREMENT for table `users`
--
ALTER TABLE `users`
  MODIFY `id` int(10) UNSIGNED NOT NULL AUTO_INCREMENT, AUTO_INCREMENT=32;

--
-- AUTO_INCREMENT for table `user_type`
--
ALTER TABLE `user_type`
  MODIFY `id` int(10) UNSIGNED NOT NULL AUTO_INCREMENT, AUTO_INCREMENT=6;
COMMIT;

/*!40101 SET CHARACTER_SET_CLIENT=@OLD_CHARACTER_SET_CLIENT */;
/*!40101 SET CHARACTER_SET_RESULTS=@OLD_CHARACTER_SET_RESULTS */;
/*!40101 SET COLLATION_CONNECTION=@OLD_COLLATION_CONNECTION */;
